name,bm25_weight,dense_weight,rrf_k,candidate_k,final_top_k,query_count,labeled_query_count,unlabeled_query_count,recall_at_1,recall_at_3,recall_at_5,recall_at_10,recall_at_20,recall_at_50,mrr,mrr_cutoff,delta_recall_at_1,delta_recall_at_3,delta_recall_at_5,delta_recall_at_10,delta_recall_at_20,delta_recall_at_50,delta_mrr,better_than_dense_by_rr,worse_than_dense_by_rr,tied_with_dense_by_rr,dense_rank_1_count,dense_rank_1_preserved,dense_rank_1_degraded,hybrid_only_hit_at_3,dense_only_hit_at_3,hybrid_only_hit_at_5,dense_only_hit_at_5,hybrid_only_hit_at_10,dense_only_hit_at_10,pareto,queries_improved_at_1,queries_degraded_at_1,queries_tied_at_1,relevant_documents_gained_at_1,relevant_documents_lost_at_1,queries_improved_at_3,queries_degraded_at_3,queries_tied_at_3,relevant_documents_gained_at_3,relevant_documents_lost_at_3,queries_improved_at_5,queries_degraded_at_5,queries_tied_at_5,relevant_documents_gained_at_5,relevant_documents_lost_at_5,queries_improved_at_10,queries_degraded_at_10,queries_tied_at_10,relevant_documents_gained_at_10,relevant_documents_lost_at_10,queries_improved_at_20,queries_degraded_at_20,queries_tied_at_20,relevant_documents_gained_at_20,relevant_documents_lost_at_20,queries_improved_at_50,queries_degraded_at_50,queries_tied_at_50,relevant_documents_gained_at_50,relevant_documents_lost_at_50
bm25_1_dense_1_rrf_1_candidates_10_top_10,1.0,1.0,1,10,10,200,200,0,0.66,0.925,0.985,0.995,1.0,1.0,0.8175,10,-0.09999999999999998,-0.03499999999999992,-0.0025000000000000577,-0.0025000000000000577,0.0,0.0,-0.06716666666666671,11,45,144,159,127,32,0,8,0,0,0,1,False,10,32,158,12,34,2,8,190,3,9,1,2,197,1,2,1,1,198,1,1,0,0,200,0,0,0,0,200,0,0
bm25_1_dense_1_rrf_1_candidates_20_top_10,1.0,1.0,1,20,10,200,200,0,0.66,0.925,0.985,0.995,1.0,1.0,0.8175,10,-0.09999999999999998,-0.03499999999999992,-0.0025000000000000577,-0.0025000000000000577,0.0,0.0,-0.06716666666666671,11,45,144,159,127,32,0,8,0,0,0,1,False,10,32,158,12,34,2,8,190,3,9,1,2,197,1,2,1,1,198,1,1,0,0,200,0,0,0,0,200,0,0
bm25_1_dense_1_rrf_1_candidates_50_top_10,1.0,1.0,1,50,10,200,200,0,0.66,0.925,0.9875,0.995,0.995,1.0,0.8166666666666668,10,-0.09999999999999998,-0.03499999999999992,0.0,-0.0025000000000000577,-0.0050000000000000044,0.0,-0.06799999999999995,10,45,145,159,127,32,0,8,0,0,0,1,False,10,32,158,12,34,2,8,190,3,9,1,1,198,1,1,1,1,198,1,1,0,1,199,0,1,0,0,200,0,0
bm25_1_dense_1_rrf_1_candidates_100_top_10,1.0,1.0,1,100,10,200,200,0,0.66,0.925,0.9875,0.995,0.995,1.0,0.8166666666666668,10,-0.09999999999999998,-0.03499999999999992,0.0,-0.0025000000000000577,-0.0050000000000000044,0.0,-0.06799999999999995,10,45,145,159,127,32,0,8,0,0,0,1,False,10,32,158,12,34,2,8,190,3,9,1,1,198,1,1,1,1,198,1,1,0,1,199,0,1,0,0,200,0,0
bm25_1_dense_1_rrf_5_candidates_10_top_10,1.0,1.0,5,10,10,200,200,0,0.6325,0.92,0.9875,0.995,1.0,1.0,0.79875,10,-0.12750000000000006,-0.039999999999999925,0.0,-0.0025000000000000577,0.0,0.0,-0.08591666666666675,11,51,138,159,121,38,0,9,0,0,0,1,False,10,38,152,12,40,2,9,189,3,10,2,2,196,2,2,1,1,198,1,1,0,0,200,0,0,0,0,200,0,0
bm25_1_dense_1_rrf_5_candidates_20_top_10,1.0,1.0,5,20,10,200,200,0,0.6325,0.92,0.985,0.995,1.0,1.0,0.79875,10,-0.12750000000000006,-0.039999999999999925,-0.0025000000000000577,-0.0025000000000000577,0.0,0.0,-0.08591666666666675,11,51,138,159,121,38,0,9,0,0,0,1,False,10,38,152,12,40,2,9,189,3,10,1,2,197,1,2,1,1,198,1,1,0,0,200,0,0,0,0,200,0,0
bm25_1_dense_1_rrf_5_candidates_50_top_10,1.0,1.0,5,50,10,200,200,0,0.6325,0.92,0.985,0.995,0.995,1.0,0.79875,10,-0.12750000000000006,-0.039999999999999925,-0.0025000000000000577,-0.0025000000000000577,-0.0050000000000000044,0.0,-0.08591666666666675,11,51,138,159,121,38,0,9,0,0,0,1,False,10,38,152,12,40,2,9,189,3,10,1,2,197,1,2,1,1,198,1,1,0,1,199,0,1,0,0,200,0,0
bm25_1_dense_1_rrf_5_candidates_100_top_10,1.0,1.0,5,100,10,200,200,0,0.6325,0.92,0.985,0.995,0.995,1.0,0.79875,10,-0.12750000000000006,-0.039999999999999925,-0.0025000000000000577,-0.0025000000000000577,-0.0050000000000000044,0.0,-0.08591666666666675,11,51,138,159,121,38,0,9,0,0,0,1,False,10,38,152,12,40,2,9,189,3,10,1,2,197,1,2,1,1,198,1,1,0,1,199,0,1,0,0,200,0,0
bm25_1_dense_1_rrf_10_candidates_10_top_10,1.0,1.0,10,10,10,200,200,0,0.6325,0.915,0.9875,0.995,1.0,1.0,0.7983333333333333,10,-0.12750000000000006,-0.04499999999999993,0.0,-0.0025000000000000577,0.0,0.0,-0.08633333333333337,11,51,138,159,121,38,0,10,0,0,0,1,False,10,38,152,12,40,2,10,188,3,11,2,2,196,2,2,1,1,198,1,1,0,0,200,0,0,0,0,200,0,0
bm25_1_dense_1_rrf_10_candidates_20_top_10,1.0,1.0,10,20,10,200,200,0,0.6325,0.915,0.98,0.9925,1.0,1.0,0.7979166666666667,10,-0.12750000000000006,-0.04499999999999993,-0.007500000000000062,-0.0050000000000000044,0.0,0.0,-0.08675,11,51,138,159,121,38,0,10,0,1,0,1,False,10,38,152,12,40,2,10,188,3,11,1,3,196,1,3,1,2,197,1,2,0,0,200,0,0,0,0,200,0,0
bm25_1_dense_1_rrf_10_candidates_50_top_10,1.0,1.0,10,50,10,200,200,0,0.6325,0.915,0.98,0.9925,0.995,1.0,0.7979166666666667,10,-0.12750000000000006,-0.04499999999999993,-0.007500000000000062,-0.0050000000000000044,-0.0050000000000000044,0.0,-0.08675,11,51,138,159,121,38,0,10,0,1,0,1,False,10,38,152,12,40,2,10,188,3,11,1,3,196,1,3,1,2,197,1,2,0,1,199,0,1,0,0,200,0,0
bm25_1_dense_1_rrf_10_candidates_100_top_10,1.0,1.0,10,100,10,200,200,0,0.6325,0.915,0.98,0.9925,0.995,1.0,0.797797619047619,10,-0.12750000000000006,-0.04499999999999993,-0.007500000000000062,-0.0050000000000000044,-0.0050000000000000044,0.0,-0.08686904761904768,11,51,138,159,121,38,0,10,0,1,0,1,False,10,38,152,12,40,2,10,188,3,11,1,3,196,1,3,1,2,197,1,2,0,1,199,0,1,0,0,200,0,0
bm25_1_dense_1_rrf_20_candidates_10_top_10,1.0,1.0,20,10,10,200,200,0,0.6325,0.9125,0.9875,0.995,1.0,1.0,0.7983333333333333,10,-0.12750000000000006,-0.04749999999999999,0.0,-0.0025000000000000577,0.0,0.0,-0.08633333333333337,11,51,138,159,121,38,0,10,0,0,0,1,False,10,38,152,12,40,2,11,187,3,12,2,2,196,2,2,1,1,198,1,1,0,0,200,0,0,0,0,200,0,0
bm25_1_dense_1_rrf_20_candidates_20_top_10,1.0,1.0,20,20,10,200,200,0,0.6325,0.9125,0.98,0.9925,1.0,1.0,0.7979166666666667,10,-0.12750000000000006,-0.04749999999999999,-0.007500000000000062,-0.0050000000000000044,0.0,0.0,-0.08675,11,51,138,159,121,38,0,10,0,1,0,1,False,10,38,152,12,40,2,11,187,3,12,1,3,196,1,3,1,2,197,1,2,0,0,200,0,0,0,0,200,0,0
bm25_1_dense_1_rrf_20_candidates_50_top_10,1.0,1.0,20,50,10,200,200,0,0.6325,0.9125,0.98,0.9875,0.995,1.0,0.7970833333333333,10,-0.12750000000000006,-0.04749999999999999,-0.007500000000000062,-0.010000000000000009,-0.0050000000000000044,0.0,-0.08758333333333346,11,51,138,159,121,38,0,10,0,1,0,2,False,10,38,152,12,40,2,11,187,3,12,1,3,196,1,3,1,3,196,1,3,0,1,199,0,1,0,0,200,0,0
bm25_1_dense_1_rrf_20_candidates_100_top_10,1.0,1.0,20,100,10,200,200,0,0.6325,0.9125,0.98,0.9875,0.9925,1.0,0.7970833333333333,10,-0.12750000000000006,-0.04749999999999999,-0.007500000000000062,-0.010000000000000009,-0.007499999999999951,0.0,-0.08758333333333346,11,51,138,159,121,38,0,10,0,1,0,2,False,10,38,152,12,40,2,11,187,3,12,1,3,196,1,3,1,3,196,1,3,0,2,198,0,2,0,0,200,0,0
bm25_1_dense_1_rrf_40_candidates_10_top_10,1.0,1.0,40,10,10,200,200,0,0.6325,0.9125,0.9875,0.995,1.0,1.0,0.7983333333333333,10,-0.12750000000000006,-0.04749999999999999,0.0,-0.0025000000000000577,0.0,0.0,-0.08633333333333337,11,51,138,159,121,38,0,10,0,0,0,1,False,10,38,152,12,40,2,11,187,3,12,2,2,196,2,2,1,1,198,1,1,0,0,200,0,0,0,0,200,0,0
bm25_1_dense_1_rrf_40_candidates_20_top_10,1.0,1.0,40,20,10,200,200,0,0.6325,0.9125,0.98,0.9925,1.0,1.0,0.7979166666666667,10,-0.12750000000000006,-0.04749999999999999,-0.007500000000000062,-0.0050000000000000044,0.0,0.0,-0.08675,11,51,138,159,121,38,0,10,0,1,0,1,False,10,38,152,12,40,2,11,187,3,12,1,3,196,1,3,1,2,197,1,2,0,0,200,0,0,0,0,200,0,0
bm25_1_dense_1_rrf_40_candidates_50_top_10,1.0,1.0,40,50,10,200,200,0,0.6325,0.9125,0.98,0.9875,0.9875,1.0,0.7970833333333333,10,-0.12750000000000006,-0.04749999999999999,-0.007500000000000062,-0.010000000000000009,-0.012499999999999956,0.0,-0.08758333333333346,11,51,138,159,121,38,0,10,0,1,0,2,False,10,38,152,12,40,2,11,187,3,12,1,3,196,1,3,1,3,196,1,3,0,3,197,0,3,0,0,200,0,0
bm25_1_dense_1_rrf_40_candidates_100_top_10,1.0,1.0,40,100,10,200,200,0,0.6325,0.9125,0.98,0.9875,0.9875,0.9925,0.7970833333333333,10,-0.12750000000000006,-0.04749999999999999,-0.007500000000000062,-0.010000000000000009,-0.012499999999999956,-0.007499999999999951,-0.08758333333333346,11,51,138,159,121,38,0,10,0,1,0,2,False,10,38,152,12,40,2,11,187,3,12,1,3,196,1,3,1,3,196,1,3,0,3,197,0,3,0,2,198,0,2
bm25_1_dense_1_rrf_60_candidates_10_top_10,1.0,1.0,60,10,10,200,200,0,0.6325,0.9125,0.9875,0.995,1.0,1.0,0.7983333333333333,10,-0.12750000000000006,-0.04749999999999999,0.0,-0.0025000000000000577,0.0,0.0,-0.08633333333333337,11,51,138,159,121,38,0,10,0,0,0,1,False,10,38,152,12,40,2,11,187,3,12,2,2,196,2,2,1,1,198,1,1,0,0,200,0,0,0,0,200,0,0
bm25_1_dense_1_rrf_60_candidates_20_top_10,1.0,1.0,60,20,10,200,200,0,0.6325,0.9125,0.98,0.9925,1.0,1.0,0.7979166666666667,10,-0.12750000000000006,-0.04749999999999999,-0.007500000000000062,-0.0050000000000000044,0.0,0.0,-0.08675,11,51,138,159,121,38,0,10,0,1,0,1,False,10,38,152,12,40,2,11,187,3,12,1,3,196,1,3,1,2,197,1,2,0,0,200,0,0,0,0,200,0,0
bm25_1_dense_1_rrf_60_candidates_50_top_10,1.0,1.0,60,50,10,200,200,0,0.6325,0.9125,0.98,0.9875,0.9875,1.0,0.7970833333333333,10,-0.12750000000000006,-0.04749999999999999,-0.007500000000000062,-0.010000000000000009,-0.012499999999999956,0.0,-0.08758333333333346,11,51,138,159,121,38,0,10,0,1,0,2,False,10,38,152,12,40,2,11,187,3,12,1,3,196,1,3,1,3,196,1,3,0,3,197,0,3,0,0,200,0,0
bm25_1_dense_1_rrf_60_candidates_100_top_10,1.0,1.0,60,100,10,200,200,0,0.6325,0.9125,0.98,0.9875,0.9875,0.9925,0.7970833333333333,10,-0.12750000000000006,-0.04749999999999999,-0.007500000000000062,-0.010000000000000009,-0.012499999999999956,-0.007499999999999951,-0.08758333333333346,11,51,138,159,121,38,0,10,0,1,0,2,False,10,38,152,12,40,2,11,187,3,12,1,3,196,1,3,1,3,196,1,3,0,3,197,0,3,0,2,198,0,2
bm25_1_dense_1_rrf_100_candidates_10_top_10,1.0,1.0,100,10,10,200,200,0,0.6325,0.9125,0.9875,0.995,1.0,1.0,0.7983333333333333,10,-0.12750000000000006,-0.04749999999999999,0.0,-0.0025000000000000577,0.0,0.0,-0.08633333333333337,11,51,138,159,121,38,0,10,0,0,0,1,False,10,38,152,12,40,2,11,187,3,12,2,2,196,2,2,1,1,198,1,1,0,0,200,0,0,0,0,200,0,0
bm25_1_dense_1_rrf_100_candidates_20_top_10,1.0,1.0,100,20,10,200,200,0,0.6325,0.9125,0.98,0.9925,1.0,1.0,0.7979166666666667,10,-0.12750000000000006,-0.04749999999999999,-0.007500000000000062,-0.0050000000000000044,0.0,0.0,-0.08675,11,51,138,159,121,38,0,10,0,1,0,1,False,10,38,152,12,40,2,11,187,3,12,1,3,196,1,3,1,2,197,1,2,0,0,200,0,0,0,0,200,0,0
bm25_1_dense_1_rrf_100_candidates_50_top_10,1.0,1.0,100,50,10,200,200,0,0.6325,0.9125,0.98,0.9875,0.9875,1.0,0.7970833333333333,10,-0.12750000000000006,-0.04749999999999999,-0.007500000000000062,-0.010000000000000009,-0.012499999999999956,0.0,-0.08758333333333346,11,51,138,159,121,38,0,10,0,1,0,2,False,10,38,152,12,40,2,11,187,3,12,1,3,196,1,3,1,3,196,1,3,0,3,197,0,3,0,0,200,0,0
bm25_1_dense_1_rrf_100_candidates_100_top_10,1.0,1.0,100,100,10,200,200,0,0.6325,0.9125,0.98,0.9875,0.9875,0.9925,0.7970833333333333,10,-0.12750000000000006,-0.04749999999999999,-0.007500000000000062,-0.010000000000000009,-0.012499999999999956,-0.007499999999999951,-0.08758333333333346,11,51,138,159,121,38,0,10,0,1,0,2,False,10,38,152,12,40,2,11,187,3,12,1,3,196,1,3,1,3,196,1,3,0,3,197,0,3,0,2,198,0,2
bm25_1_dense_1.5_rrf_1_candidates_10_top_10,1.0,1.5,1,10,10,200,200,0,0.7175,0.9275,0.99,0.995,1.0,1.0,0.8554166666666667,10,-0.04249999999999998,-0.03249999999999997,0.0024999999999999467,-0.0025000000000000577,0.0,0.0,-0.029249999999999998,1,21,178,159,149,10,0,7,0,0,0,1,False,1,10,189,3,12,2,8,190,3,9,1,0,199,1,0,1,1,198,1,1,0,0,200,0,0,0,0,200,0,0
bm25_1_dense_1.5_rrf_1_candidates_20_top_10,1.0,1.5,1,20,10,200,200,0,0.7125,0.9275,0.99,0.995,1.0,1.0,0.8529166666666668,10,-0.04749999999999999,-0.03249999999999997,0.0024999999999999467,-0.0025000000000000577,0.0,0.0,-0.031749999999999945,0,21,179,159,149,10,0,7,0,0,0,1,False,0,10,190,2,12,2,8,190,3,9,1,0,199,1,0,1,1,198,1,1,0,0,200,0,0,0,0,200,0,0
bm25_1_dense_1.5_rrf_1_candidates_50_top_10,1.0,1.5,1,50,10,200,200,0,0.7125,0.9275,0.99,0.995,1.0,1.0,0.8529166666666668,10,-0.04749999999999999,-0.03249999999999997,0.0024999999999999467,-0.0025000000000000577,0.0,0.0,-0.031749999999999945,0,21,179,159,149,10,0,7,0,0,0,1,False,0,10,190,2,12,2,8,190,3,9,1,0,199,1,0,1,1,198,1,1,0,0,200,0,0,0,0,200,0,0
bm25_1_dense_1.5_rrf_1_candidates_100_top_10,1.0,1.5,1,100,10,200,200,0,0.7125,0.9275,0.99,0.995,1.0,1.0,0.8529166666666668,10,-0.04749999999999999,-0.03249999999999997,0.0024999999999999467,-0.0025000000000000577,0.0,0.0,-0.031749999999999945,0,21,179,159,149,10,0,7,0,0,0,1,False,0,10,190,2,12,2,8,190,3,9,1,0,199,1,0,1,1,198,1,1,0,0,200,0,0,0,0,200,0,0
bm25_1_dense_1.5_rrf_5_candidates_10_top_10,1.0,1.5,5,10,10,200,200,0,0.6875,0.9275,0.99,0.9925,1.0,1.0,0.83625,10,-0.07250000000000001,-0.03249999999999997,0.0024999999999999467,-0.0050000000000000044,0.0,0.0,-0.04841666666666666,3,26,171,159,142,17,0,7,0,0,0,1,False,2,17,181,4,19,2,8,190,3,9,2,1,197,2,1,0,1,199,0,1,0,0,200,0,0,0,0,200,0,0
bm25_1_dense_1.5_rrf_5_candidates_20_top_10,1.0,1.5,5,20,10,200,200,0,0.6875,0.9275,0.9875,0.995,1.0,1.0,0.83625,10,-0.07250000000000001,-0.03249999999999997,0.0,-0.0025000000000000577,0.0,0.0,-0.04841666666666666,3,26,171,159,142,17,0,7,0,0,0,1,False,2,17,181,4,19,2,8,190,3,9,1,1,198,1,1,1,1,198,1,1,0,0,200,0,0,0,0,200,0,0
bm25_1_dense_1.5_rrf_5_candidates_50_top_10,1.0,1.5,5,50,10,200,200,0,0.6875,0.9275,0.99,0.995,1.0,1.0,0.83625,10,-0.07250000000000001,-0.03249999999999997,0.0024999999999999467,-0.0025000000000000577,0.0,0.0,-0.04841666666666666,3,26,171,159,142,17,0,7,0,0,0,1,False,2,17,181,4,19,2,8,190,3,9,1,0,199,1,0,1,1,198,1,1,0,0,200,0,0,0,0,200,0,0
bm25_1_dense_1.5_rrf_5_candidates_100_top_10,1.0,1.5,5,100,10,200,200,0,0.6875,0.9275,0.99,0.995,1.0,1.0,0.83625,10,-0.07250000000000001,-0.03249999999999997,0.0024999999999999467,-0.0025000000000000577,0.0,0.0,-0.04841666666666666,3,26,171,159,142,17,0,7,0,0,0,1,False,2,17,181,4,19,2,8,190,3,9,1,0,199,1,0,1,1,198,1,1,0,0,200,0,0,0,0,200,0,0
bm25_1_dense_1.5_rrf_10_candidates_10_top_10,1.0,1.5,10,10,10,200,200,0,0.645,0.9275,0.99,0.9925,1.0,1.0,0.81375,10,-0.11499999999999999,-0.03249999999999997,0.0024999999999999467,-0.0050000000000000044,0.0,0.0,-0.07091666666666674,3,35,162,159,133,26,0,7,0,0,0,1,False,2,26,172,4,28,1,7,192,2,8,2,1,197,2,1,0,1,199,0,1,0,0,200,0,0,0,0,200,0,0
bm25_1_dense_1.5_rrf_10_candidates_20_top_10,1.0,1.5,10,20,10,200,200,0,0.645,0.9275,0.9875,0.995,1.0,1.0,0.8134999999999999,10,-0.11499999999999999,-0.03249999999999997,0.0,-0.0025000000000000577,0.0,0.0,-0.07116666666666682,3,35,162,159,133,26,0,7,0,0,0,1,False,2,26,172,4,28,1,7,192,2,8,1,1,198,1,1,1,1,198,1,1,0,0,200,0,0,0,0,200,0,0
bm25_1_dense_1.5_rrf_10_candidates_50_top_10,1.0,1.5,10,50,10,200,200,0,0.645,0.93,0.9875,0.995,0.995,1.0,0.8134999999999999,10,-0.11499999999999999,-0.029999999999999916,0.0,-0.0025000000000000577,-0.0050000000000000044,0.0,-0.07116666666666682,3,35,162,159,133,26,0,7,0,0,0,1,False,2,26,172,4,28,2,7,191,2,7,1,1,198,1,1,1,1,198,1,1,0,1,199,0,1,0,0,200,0,0
bm25_1_dense_1.5_rrf_10_candidates_100_top_10,1.0,1.5,10,100,10,200,200,0,0.645,0.93,0.9875,0.995,0.995,1.0,0.8134999999999999,10,-0.11499999999999999,-0.029999999999999916,0.0,-0.0025000000000000577,-0.0050000000000000044,0.0,-0.07116666666666682,3,35,162,159,133,26,0,7,0,0,0,1,False,2,26,172,4,28,2,7,191,2,7,1,1,198,1,1,1,1,198,1,1,0,1,199,0,1,0,0,200,0,0
bm25_1_dense_1.5_rrf_20_candidates_10_top_10,1.0,1.5,20,10,10,200,200,0,0.645,0.9275,0.99,0.9975,1.0,1.0,0.8142499999999999,10,-0.11499999999999999,-0.03249999999999997,0.0024999999999999467,0.0,0.0,0.0,-0.0704166666666668,3,34,163,159,133,26,0,7,0,0,0,0,False,2,26,172,4,28,1,7,192,2,8,2,1,197,2,1,0,0,200,0,0,0,0,200,0,0,0,0,200,0,0
bm25_1_dense_1.5_rrf_20_candidates_20_top_10,1.0,1.5,20,20,10,200,200,0,0.645,0.9275,0.98,0.995,1.0,1.0,0.8133333333333332,10,-0.11499999999999999,-0.03249999999999997,-0.007500000000000062,-0.0025000000000000577,0.0,0.0,-0.07133333333333347,3,35,162,159,133,26,0,7,0,1,0,1,False,2,26,172,4,28,1,7,192,2,8,1,3,196,1,3,1,1,198,1,1,0,0,200,0,0,0,0,200,0,0
bm25_1_dense_1.5_rrf_20_candidates_50_top_10,1.0,1.5,20,50,10,200,200,0,0.645,0.9275,0.9825,0.9925,0.995,1.0,0.8133333333333332,10,-0.11499999999999999,-0.03249999999999997,-0.0050000000000000044,-0.0050000000000000044,-0.0050000000000000044,0.0,-0.07133333333333347,3,35,162,159,133,26,0,7,0,1,0,1,False,2,26,172,4,28,1,7,192,2,8,1,2,197,1,2,1,2,197,1,2,0,1,199,0,1,0,0,200,0,0
bm25_1_dense_1.5_rrf_20_candidates_100_top_10,1.0,1.5,20,100,10,200,200,0,0.645,0.9275,0.9825,0.9925,0.995,1.0,0.8133333333333332,10,-0.11499999999999999,-0.03249999999999997,-0.0050000000000000044,-0.0050000000000000044,-0.0050000000000000044,0.0,-0.07133333333333347,3,35,162,159,133,26,0,7,0,1,0,1,False,2,26,172,4,28,1,7,192,2,8,1,2,197,1,2,1,2,197,1,2,0,1,199,0,1,0,0,200,0,0
bm25_1_dense_1.5_rrf_40_candidates_10_top_10,1.0,1.5,40,10,10,200,200,0,0.645,0.925,0.99,0.9975,1.0,1.0,0.8142499999999999,10,-0.11499999999999999,-0.03499999999999992,0.0024999999999999467,0.0,0.0,0.0,-0.0704166666666668,3,34,163,159,133,26,0,7,0,0,0,0,False,2,26,172,4,28,0,7,193,1,8,2,1,197,2,1,0,0,200,0,0,0,0,200,0,0,0,0,200,0,0
bm25_1_dense_1.5_rrf_40_candidates_20_top_10,1.0,1.5,40,20,10,200,200,0,0.645,0.925,0.98,0.995,1.0,1.0,0.8133333333333332,10,-0.11499999999999999,-0.03499999999999992,-0.007500000000000062,-0.0025000000000000577,0.0,0.0,-0.07133333333333347,3,35,162,159,133,26,0,7,0,1,0,1,False,2,26,172,4,28,0,7,193,1,8,1,3,196,1,3,1,1,198,1,1,0,0,200,0,0,0,0,200,0,0
bm25_1_dense_1.5_rrf_40_candidates_50_top_10,1.0,1.5,40,50,10,200,200,0,0.645,0.925,0.98,0.9875,0.995,1.0,0.8125,10,-0.11499999999999999,-0.03499999999999992,-0.007500000000000062,-0.010000000000000009,-0.0050000000000000044,0.0,-0.07216666666666671,3,35,162,159,133,26,0,7,0,1,0,2,False,2,26,172,4,28,0,7,193,1,8,1,3,196,1,3,1,3,196,1,3,0,1,199,0,1,0,0,200,0,0
bm25_1_dense_1.5_rrf_40_candidates_100_top_10,1.0,1.5,40,100,10,200,200,0,0.645,0.925,0.98,0.9875,0.9925,1.0,0.8125,10,-0.11499999999999999,-0.03499999999999992,-0.007500000000000062,-0.010000000000000009,-0.007499999999999951,0.0,-0.07216666666666671,3,35,162,159,133,26,0,7,0,1,0,2,False,2,26,172,4,28,0,7,193,1,8,1,3,196,1,3,1,3,196,1,3,0,2,198,0,2,0,0,200,0,0
bm25_1_dense_1.5_rrf_60_candidates_10_top_10,1.0,1.5,60,10,10,200,200,0,0.645,0.92,0.99,0.9975,1.0,1.0,0.8138333333333334,10,-0.11499999999999999,-0.039999999999999925,0.0024999999999999467,0.0,0.0,0.0,-0.0708333333333333,3,34,163,159,133,26,0,8,0,0,0,0,False,2,26,172,4,28,0,8,192,1,9,2,1,197,2,1,0,0,200,0,0,0,0,200,0,0,0,0,200,0,0
bm25_1_dense_1.5_rrf_60_candidates_20_top_10,1.0,1.5,60,20,10,200,200,0,0.645,0.92,0.98,0.995,1.0,1.0,0.8129166666666667,10,-0.11499999999999999,-0.039999999999999925,-0.007500000000000062,-0.0025000000000000577,0.0,0.0,-0.07174999999999998,3,35,162,159,133,26,0,8,0,1,0,1,False,2,26,172,4,28,0,8,192,1,9,1,3,196,1,3,1,1,198,1,1,0,0,200,0,0,0,0,200,0,0
bm25_1_dense_1.5_rrf_60_candidates_50_top_10,1.0,1.5,60,50,10,200,200,0,0.645,0.92,0.98,0.9875,0.9875,1.0,0.8120833333333333,10,-0.11499999999999999,-0.039999999999999925,-0.007500000000000062,-0.010000000000000009,-0.012499999999999956,0.0,-0.07258333333333344,3,35,162,159,133,26,0,8,0,1,0,2,False,2,26,172,4,28,0,8,192,1,9,1,3,196,1,3,1,3,196,1,3,0,3,197,0,3,0,0,200,0,0
bm25_1_dense_1.5_rrf_60_candidates_100_top_10,1.0,1.5,60,100,10,200,200,0,0.645,0.92,0.98,0.9875,0.9875,0.995,0.8120833333333333,10,-0.11499999999999999,-0.039999999999999925,-0.007500000000000062,-0.010000000000000009,-0.012499999999999956,-0.0050000000000000044,-0.07258333333333344,3,35,162,159,133,26,0,8,0,1,0,2,False,2,26,172,4,28,0,8,192,1,9,1,3,196,1,3,1,3,196,1,3,0,3,197,0,3,0,1,199,0,1
bm25_1_dense_1.5_rrf_100_candidates_10_top_10,1.0,1.5,100,10,10,200,200,0,0.645,0.92,0.99,0.9975,1.0,1.0,0.8138333333333334,10,-0.11499999999999999,-0.039999999999999925,0.0024999999999999467,0.0,0.0,0.0,-0.0708333333333333,3,34,163,159,133,26,0,8,0,0,0,0,False,2,26,172,4,28,0,8,192,1,9,2,1,197,2,1,0,0,200,0,0,0,0,200,0,0,0,0,200,0,0
bm25_1_dense_1.5_rrf_100_candidates_20_top_10,1.0,1.5,100,20,10,200,200,0,0.645,0.92,0.98,0.995,1.0,1.0,0.8129166666666667,10,-0.11499999999999999,-0.039999999999999925,-0.007500000000000062,-0.0025000000000000577,0.0,0.0,-0.07174999999999998,3,35,162,159,133,26,0,8,0,1,0,1,False,2,26,172,4,28,0,8,192,1,9,1,3,196,1,3,1,1,198,1,1,0,0,200,0,0,0,0,200,0,0
bm25_1_dense_1.5_rrf_100_candidates_50_top_10,1.0,1.5,100,50,10,200,200,0,0.645,0.92,0.98,0.9875,0.9875,1.0,0.8120833333333333,10,-0.11499999999999999,-0.039999999999999925,-0.007500000000000062,-0.010000000000000009,-0.012499999999999956,0.0,-0.07258333333333344,3,35,162,159,133,26,0,8,0,1,0,2,False,2,26,172,4,28,0,8,192,1,9,1,3,196,1,3,1,3,196,1,3,0,3,197,0,3,0,0,200,0,0
bm25_1_dense_1.5_rrf_100_candidates_100_top_10,1.0,1.5,100,100,10,200,200,0,0.645,0.92,0.98,0.9875,0.9875,0.9925,0.8120833333333333,10,-0.11499999999999999,-0.039999999999999925,-0.007500000000000062,-0.010000000000000009,-0.012499999999999956,-0.007499999999999951,-0.07258333333333344,3,35,162,159,133,26,0,8,0,1,0,2,False,2,26,172,4,28,0,8,192,1,9,1,3,196,1,3,1,3,196,1,3,0,3,197,0,3,0,2,198,0,2
bm25_1_dense_2_rrf_1_candidates_10_top_10,1.0,2.0,1,10,10,200,200,0,0.75,0.9425,0.99,0.9925,1.0,1.0,0.8741666666666668,10,-0.010000000000000009,-0.01749999999999996,0.0024999999999999467,-0.0050000000000000044,0.0,0.0,-0.010499999999999954,0,11,189,159,157,2,0,4,0,0,0,1,False,0,2,198,1,3,2,5,193,3,6,1,0,199,1,0,0,1,199,0,1,0,0,200,0,0,0,0,200,0,0
bm25_1_dense_2_rrf_1_candidates_20_top_10,1.0,2.0,1,20,10,200,200,0,0.75,0.9425,0.99,0.995,1.0,1.0,0.8741666666666668,10,-0.010000000000000009,-0.01749999999999996,0.0024999999999999467,-0.0025000000000000577,0.0,0.0,-0.010499999999999954,0,11,189,159,157,2,0,4,0,0,0,1,False,0,2,198,1,3,2,5,193,3,6,1,0,199,1,0,1,1,198,1,1,0,0,200,0,0,0,0,200,0,0
bm25_1_dense_2_rrf_1_candidates_50_top_10,1.0,2.0,1,50,10,200,200,0,0.75,0.9425,0.99,0.995,1.0,1.0,0.8741666666666668,10,-0.010000000000000009,-0.01749999999999996,0.0024999999999999467,-0.0025000000000000577,0.0,0.0,-0.010499999999999954,0,11,189,159,157,2,0,4,0,0,0,1,False,0,2,198,1,3,2,5,193,3,6,1,0,199,1,0,1,1,198,1,1,0,0,200,0,0,0,0,200,0,0
bm25_1_dense_2_rrf_1_candidates_100_top_10,1.0,2.0,1,100,10,200,200,0,0.75,0.9425,0.99,0.995,1.0,1.0,0.8741666666666668,10,-0.010000000000000009,-0.01749999999999996,0.0024999999999999467,-0.0025000000000000577,0.0,0.0,-0.010499999999999954,0,11,189,159,157,2,0,4,0,0,0,1,False,0,2,198,1,3,2,5,193,3,6,1,0,199,1,0,1,1,198,1,1,0,0,200,0,0,0,0,200,0,0
bm25_1_dense_2_rrf_5_candidates_10_top_10,1.0,2.0,5,10,10,200,200,0,0.7125,0.9375,0.99,0.9925,1.0,1.0,0.85375,10,-0.04749999999999999,-0.022499999999999964,0.0024999999999999467,-0.0050000000000000044,0.0,0.0,-0.030916666666666703,2,18,180,159,148,11,0,5,0,0,0,1,False,1,11,188,3,13,1,5,194,2,6,1,0,199,1,0,0,1,199,0,1,0,0,200,0,0,0,0,200,0,0
bm25_1_dense_2_rrf_5_candidates_20_top_10,1.0,2.0,5,20,10,200,200,0,0.7125,0.9375,0.99,0.995,1.0,1.0,0.85375,10,-0.04749999999999999,-0.022499999999999964,0.0024999999999999467,-0.0025000000000000577,0.0,0.0,-0.030916666666666703,2,18,180,159,148,11,0,5,0,0,0,1,False,1,11,188,3,13,1,5,194,2,6,1,0,199,1,0,1,1,198,1,1,0,0,200,0,0,0,0,200,0,0
bm25_1_dense_2_rrf_5_candidates_50_top_10,1.0,2.0,5,50,10,200,200,0,0.7125,0.9375,0.99,0.995,1.0,1.0,0.85375,10,-0.04749999999999999,-0.022499999999999964,0.0024999999999999467,-0.0025000000000000577,0.0,0.0,-0.030916666666666703,2,18,180,159,148,11,0,5,0,0,0,1,False,1,11,188,3,13,1,5,194,2,6,1,0,199,1,0,1,1,198,1,1,0,0,200,0,0,0,0,200,0,0
bm25_1_dense_2_rrf_5_candidates_100_top_10,1.0,2.0,5,100,10,200,200,0,0.7125,0.9375,0.99,0.995,1.0,1.0,0.85375,10,-0.04749999999999999,-0.022499999999999964,0.0024999999999999467,-0.0025000000000000577,0.0,0.0,-0.030916666666666703,2,18,180,159,148,11,0,5,0,0,0,1,False,1,11,188,3,13,1,5,194,2,6,1,0,199,1,0,1,1,198,1,1,0,0,200,0,0,0,0,200,0,0
bm25_1_dense_2_rrf_10_candidates_10_top_10,1.0,2.0,10,10,10,200,200,0,0.7075,0.9325,0.99,0.9975,1.0,1.0,0.8504999999999999,10,-0.05249999999999999,-0.02749999999999997,0.0024999999999999467,0.0,0.0,0.0,-0.03416666666666679,2,18,180,159,147,12,0,6,0,0,0,0,False,1,12,187,3,14,1,6,193,2,7,2,1,197,2,1,0,0,200,0,0,0,0,200,0,0,0,0,200,0,0
bm25_1_dense_2_rrf_10_candidates_20_top_10,1.0,2.0,10,20,10,200,200,0,0.7075,0.9325,0.9875,0.995,1.0,1.0,0.85,10,-0.05249999999999999,-0.02749999999999997,0.0,-0.0025000000000000577,0.0,0.0,-0.034666666666666734,2,19,179,159,147,12,0,6,0,0,0,1,False,1,12,187,3,14,1,6,193,2,7,1,1,198,1,1,1,1,198,1,1,0,0,200,0,0,0,0,200,0,0
bm25_1_dense_2_rrf_10_candidates_50_top_10,1.0,2.0,10,50,10,200,200,0,0.7075,0.935,0.9875,0.995,1.0,1.0,0.85,10,-0.05249999999999999,-0.02499999999999991,0.0,-0.0025000000000000577,0.0,0.0,-0.034666666666666734,2,19,179,159,147,12,0,6,0,0,0,1,False,1,12,187,3,14,2,6,192,2,6,1,1,198,1,1,1,1,198,1,1,0,0,200,0,0,0,0,200,0,0
bm25_1_dense_2_rrf_10_candidates_100_top_10,1.0,2.0,10,100,10,200,200,0,0.7075,0.935,0.9875,0.995,1.0,1.0,0.85,10,-0.05249999999999999,-0.02499999999999991,0.0,-0.0025000000000000577,0.0,0.0,-0.034666666666666734,2,19,179,159,147,12,0,6,0,0,0,1,False,1,12,187,3,14,2,6,192,2,6,1,1,198,1,1,1,1,198,1,1,0,0,200,0,0,0,0,200,0,0
bm25_1_dense_2_rrf_20_candidates_10_top_10,1.0,2.0,20,10,10,200,200,0,0.7075,0.93,0.99,0.9975,1.0,1.0,0.8496666666666667,10,-0.05249999999999999,-0.029999999999999916,0.0024999999999999467,0.0,0.0,0.0,-0.03500000000000003,2,18,180,159,147,12,0,6,0,0,0,0,False,1,12,187,3,14,0,6,194,1,7,2,1,197,2,1,0,0,200,0,0,0,0,200,0,0,0,0,200,0,0
bm25_1_dense_2_rrf_20_candidates_20_top_10,1.0,2.0,20,20,10,200,200,0,0.7075,0.93,0.9875,0.995,1.0,1.0,0.8489166666666667,10,-0.05249999999999999,-0.029999999999999916,0.0,-0.0025000000000000577,0.0,0.0,-0.03575000000000006,2,19,179,159,147,12,0,6,0,0,0,1,False,1,12,187,3,14,0,6,194,1,7,1,1,198,1,1,1,1,198,1,1,0,0,200,0,0,0,0,200,0,0
bm25_1_dense_2_rrf_20_candidates_50_top_10,1.0,2.0,20,50,10,200,200,0,0.7075,0.93,0.9875,0.995,0.995,1.0,0.8489166666666667,10,-0.05249999999999999,-0.029999999999999916,0.0,-0.0025000000000000577,-0.0050000000000000044,0.0,-0.03575000000000006,2,19,179,159,147,12,0,6,0,0,0,1,False,1,12,187,3,14,0,6,194,1,7,1,1,198,1,1,1,1,198,1,1,0,1,199,0,1,0,0,200,0,0
bm25_1_dense_2_rrf_20_candidates_100_top_10,1.0,2.0,20,100,10,200,200,0,0.7075,0.93,0.9875,0.995,0.995,1.0,0.8489166666666667,10,-0.05249999999999999,-0.029999999999999916,0.0,-0.0025000000000000577,-0.0050000000000000044,0.0,-0.03575000000000006,2,19,179,159,147,12,0,6,0,0,0,1,False,1,12,187,3,14,0,6,194,1,7,1,1,198,1,1,1,1,198,1,1,0,1,199,0,1,0,0,200,0,0
bm25_1_dense_2_rrf_40_candidates_10_top_10,1.0,2.0,40,10,10,200,200,0,0.7075,0.93,0.99,0.9975,1.0,1.0,0.8488333333333334,10,-0.05249999999999999,-0.029999999999999916,0.0024999999999999467,0.0,0.0,0.0,-0.03583333333333327,2,18,180,159,147,12,0,6,0,0,0,0,False,1,12,187,3,14,0,6,194,1,7,2,1,197,2,1,0,0,200,0,0,0,0,200,0,0,0,0,200,0,0
bm25_1_dense_2_rrf_40_candidates_20_top_10,1.0,2.0,40,20,10,200,200,0,0.7075,0.93,0.98,0.995,1.0,1.0,0.8479166666666668,10,-0.05249999999999999,-0.029999999999999916,-0.007500000000000062,-0.0025000000000000577,0.0,0.0,-0.03674999999999995,2,19,179,159,147,12,0,6,0,1,0,1,False,1,12,187,3,14,0,6,194,1,7,1,3,196,1,3,1,1,198,1,1,0,0,200,0,0,0,0,200,0,0
bm25_1_dense_2_rrf_40_candidates_50_top_10,1.0,2.0,40,50,10,200,200,0,0.7075,0.93,0.9825,0.9925,0.995,1.0,0.8476388888888888,10,-0.05249999999999999,-0.029999999999999916,-0.0050000000000000044,-0.0050000000000000044,-0.0050000000000000044,0.0,-0.03702777777777788,2,19,179,159,147,12,0,6,0,1,0,1,False,1,12,187,3,14,0,6,194,1,7,1,2,197,1,2,1,2,197,1,2,0,1,199,0,1,0,0,200,0,0
bm25_1_dense_2_rrf_40_candidates_100_top_10,1.0,2.0,40,100,10,200,200,0,0.7075,0.93,0.9825,0.9925,0.995,1.0,0.8476388888888888,10,-0.05249999999999999,-0.029999999999999916,-0.0050000000000000044,-0.0050000000000000044,-0.0050000000000000044,0.0,-0.03702777777777788,2,19,179,159,147,12,0,6,0,1,0,1,False,1,12,187,3,14,0,6,194,1,7,1,2,197,1,2,1,2,197,1,2,0,1,199,0,1,0,0,200,0,0
bm25_1_dense_2_rrf_60_candidates_10_top_10,1.0,2.0,60,10,10,200,200,0,0.7075,0.93,0.99,0.9975,1.0,1.0,0.8488333333333334,10,-0.05249999999999999,-0.029999999999999916,0.0024999999999999467,0.0,0.0,0.0,-0.03583333333333327,2,18,180,159,147,12,0,6,0,0,0,0,False,1,12,187,3,14,0,6,194,1,7,2,1,197,2,1,0,0,200,0,0,0,0,200,0,0,0,0,200,0,0
bm25_1_dense_2_rrf_60_candidates_20_top_10,1.0,2.0,60,20,10,200,200,0,0.7075,0.93,0.98,0.995,1.0,1.0,0.8479166666666668,10,-0.05249999999999999,-0.029999999999999916,-0.007500000000000062,-0.0025000000000000577,0.0,0.0,-0.03674999999999995,2,19,179,159,147,12,0,6,0,1,0,1,False,1,12,187,3,14,0,6,194,1,7,1,3,196,1,3,1,1,198,1,1,0,0,200,0,0,0,0,200,0,0
bm25_1_dense_2_rrf_60_candidates_50_top_10,1.0,2.0,60,50,10,200,200,0,0.7075,0.93,0.9825,0.9875,0.995,1.0,0.8470833333333333,10,-0.05249999999999999,-0.029999999999999916,-0.0050000000000000044,-0.010000000000000009,-0.0050000000000000044,0.0,-0.03758333333333341,2,19,179,159,147,12,0,6,0,1,0,2,False,1,12,187,3,14,0,6,194,1,7,1,2,197,1,2,1,3,196,1,3,0,1,199,0,1,0,0,200,0,0
bm25_1_dense_2_rrf_60_candidates_100_top_10,1.0,2.0,60,100,10,200,200,0,0.7075,0.93,0.9825,0.9875,0.9875,1.0,0.8470833333333333,10,-0.05249999999999999,-0.029999999999999916,-0.0050000000000000044,-0.010000000000000009,-0.012499999999999956,0.0,-0.03758333333333341,2,19,179,159,147,12,0,6,0,1,0,2,False,1,12,187,3,14,0,6,194,1,7,1,2,197,1,2,1,3,196,1,3,0,3,197,0,3,0,0,200,0,0
bm25_1_dense_2_rrf_100_candidates_10_top_10,1.0,2.0,100,10,10,200,200,0,0.7075,0.93,0.99,0.9975,1.0,1.0,0.8488333333333334,10,-0.05249999999999999,-0.029999999999999916,0.0024999999999999467,0.0,0.0,0.0,-0.03583333333333327,2,18,180,159,147,12,0,6,0,0,0,0,False,1,12,187,3,14,0,6,194,1,7,2,1,197,2,1,0,0,200,0,0,0,0,200,0,0,0,0,200,0,0
bm25_1_dense_2_rrf_100_candidates_20_top_10,1.0,2.0,100,20,10,200,200,0,0.7075,0.93,0.98,0.995,1.0,1.0,0.8479166666666668,10,-0.05249999999999999,-0.029999999999999916,-0.007500000000000062,-0.0025000000000000577,0.0,0.0,-0.03674999999999995,2,19,179,159,147,12,0,6,0,1,0,1,False,1,12,187,3,14,0,6,194,1,7,1,3,196,1,3,1,1,198,1,1,0,0,200,0,0,0,0,200,0,0
bm25_1_dense_2_rrf_100_candidates_50_top_10,1.0,2.0,100,50,10,200,200,0,0.7075,0.93,0.9825,0.9875,0.9875,1.0,0.8470833333333333,10,-0.05249999999999999,-0.029999999999999916,-0.0050000000000000044,-0.010000000000000009,-0.012499999999999956,0.0,-0.03758333333333341,2,19,179,159,147,12,0,6,0,1,0,2,False,1,12,187,3,14,0,6,194,1,7,1,2,197,1,2,1,3,196,1,3,0,3,197,0,3,0,0,200,0,0
bm25_1_dense_2_rrf_100_candidates_100_top_10,1.0,2.0,100,100,10,200,200,0,0.7075,0.93,0.9825,0.9875,0.9875,0.9925,0.8470833333333333,10,-0.05249999999999999,-0.029999999999999916,-0.0050000000000000044,-0.010000000000000009,-0.012499999999999956,-0.007499999999999951,-0.03758333333333341,2,19,179,159,147,12,0,6,0,1,0,2,False,1,12,187,3,14,0,6,194,1,7,1,2,197,1,2,1,3,196,1,3,0,3,197,0,3,0,2,198,0,2
bm25_1_dense_3_rrf_1_candidates_10_top_10,1.0,3.0,1,10,10,200,200,0,0.76,0.95,0.99,0.9925,1.0,1.0,0.8825,10,0.0,-0.010000000000000009,0.0024999999999999467,-0.0050000000000000044,0.0,0.0,-0.002166666666666761,0,4,196,159,159,0,0,2,0,0,0,1,False,0,0,200,0,0,1,3,196,2,4,1,0,199,1,0,0,1,199,0,1,0,0,200,0,0,0,0,200,0,0
bm25_1_dense_3_rrf_1_candidates_20_top_10,1.0,3.0,1,20,10,200,200,0,0.76,0.95,0.99,0.995,1.0,1.0,0.8825,10,0.0,-0.010000000000000009,0.0024999999999999467,-0.0025000000000000577,0.0,0.0,-0.002166666666666761,0,4,196,159,159,0,0,2,0,0,0,1,False,0,0,200,0,0,1,3,196,2,4,1,0,199,1,0,1,1,198,1,1,0,0,200,0,0,0,0,200,0,0
bm25_1_dense_3_rrf_1_candidates_50_top_10,1.0,3.0,1,50,10,200,200,0,0.76,0.95,0.99,0.995,1.0,1.0,0.8825,10,0.0,-0.010000000000000009,0.0024999999999999467,-0.0025000000000000577,0.0,0.0,-0.002166666666666761,0,4,196,159,159,0,0,2,0,0,0,1,False,0,0,200,0,0,1,3,196,2,4,1,0,199,1,0,1,1,198,1,1,0,0,200,0,0,0,0,200,0,0
bm25_1_dense_3_rrf_1_candidates_100_top_10,1.0,3.0,1,100,10,200,200,0,0.76,0.95,0.99,0.995,1.0,1.0,0.8825,10,0.0,-0.010000000000000009,0.0024999999999999467,-0.0025000000000000577,0.0,0.0,-0.002166666666666761,0,4,196,159,159,0,0,2,0,0,0,1,False,0,0,200,0,0,1,3,196,2,4,1,0,199,1,0,1,1,198,1,1,0,0,200,0,0,0,0,200,0,0
bm25_1_dense_3_rrf_5_candidates_10_top_10,1.0,3.0,5,10,10,200,200,0,0.755,0.9525,0.99,0.9975,1.0,1.0,0.8796666666666667,10,-0.0050000000000000044,-0.007499999999999951,0.0024999999999999467,0.0,0.0,0.0,-0.0050000000000000044,1,5,194,159,157,2,0,2,0,0,0,0,False,1,2,197,2,3,1,2,197,2,3,1,0,199,1,0,0,0,200,0,0,0,0,200,0,0,0,0,200,0,0
bm25_1_dense_3_rrf_5_candidates_20_top_10,1.0,3.0,5,20,10,200,200,0,0.755,0.9525,0.99,0.995,1.0,1.0,0.8791666666666668,10,-0.0050000000000000044,-0.007499999999999951,0.0024999999999999467,-0.0025000000000000577,0.0,0.0,-0.005499999999999949,1,6,193,159,157,2,0,2,0,0,0,1,False,1,2,197,2,3,1,2,197,2,3,1,0,199,1,0,1,1,198,1,1,0,0,200,0,0,0,0,200,0,0
bm25_1_dense_3_rrf_5_candidates_50_top_10,1.0,3.0,5,50,10,200,200,0,0.755,0.9525,0.99,0.995,1.0,1.0,0.8791666666666668,10,-0.0050000000000000044,-0.007499999999999951,0.0024999999999999467,-0.0025000000000000577,0.0,0.0,-0.005499999999999949,1,6,193,159,157,2,0,2,0,0,0,1,False,1,2,197,2,3,1,2,197,2,3,1,0,199,1,0,1,1,198,1,1,0,0,200,0,0,0,0,200,0,0
bm25_1_dense_3_rrf_5_candidates_100_top_10,1.0,3.0,5,100,10,200,200,0,0.755,0.9525,0.99,0.995,1.0,1.0,0.8791666666666668,10,-0.0050000000000000044,-0.007499999999999951,0.0024999999999999467,-0.0025000000000000577,0.0,0.0,-0.005499999999999949,1,6,193,159,157,2,0,2,0,0,0,1,False,1,2,197,2,3,1,2,197,2,3,1,0,199,1,0,1,1,198,1,1,0,0,200,0,0,0,0,200,0,0
bm25_1_dense_3_rrf_10_candidates_10_top_10,1.0,3.0,10,10,10,200,200,0,0.745,0.95,0.99,0.9975,1.0,1.0,0.8746666666666667,10,-0.015000000000000013,-0.010000000000000009,0.0024999999999999467,0.0,0.0,0.0,-0.010000000000000009,2,7,191,159,155,4,0,2,0,0,0,0,False,1,4,195,2,5,0,2,198,1,3,1,0,199,1,0,0,0,200,0,0,0,0,200,0,0,0,0,200,0,0
bm25_1_dense_3_rrf_10_candidates_20_top_10,1.0,3.0,10,20,10,200,200,0,0.745,0.95,0.99,0.995,1.0,1.0,0.8741666666666668,10,-0.015000000000000013,-0.010000000000000009,0.0024999999999999467,-0.0025000000000000577,0.0,0.0,-0.010499999999999954,2,8,190,159,155,4,0,2,0,0,0,1,False,1,4,195,2,5,0,2,198,1,3,1,0,199,1,0,1,1,198,1,1,0,0,200,0,0,0,0,200,0,0
bm25_1_dense_3_rrf_10_candidates_50_top_10,1.0,3.0,10,50,10,200,200,0,0.745,0.95,0.99,0.995,1.0,1.0,0.8741666666666668,10,-0.015000000000000013,-0.010000000000000009,0.0024999999999999467,-0.0025000000000000577,0.0,0.0,-0.010499999999999954,2,8,190,159,155,4,0,2,0,0,0,1,False,1,4,195,2,5,0,2,198,1,3,1,0,199,1,0,1,1,198,1,1,0,0,200,0,0,0,0,200,0,0
bm25_1_dense_3_rrf_10_candidates_100_top_10,1.0,3.0,10,100,10,200,200,0,0.745,0.95,0.99,0.995,1.0,1.0,0.8741666666666668,10,-0.015000000000000013,-0.010000000000000009,0.0024999999999999467,-0.0025000000000000577,0.0,0.0,-0.010499999999999954,2,8,190,159,155,4,0,2,0,0,0,1,False,1,4,195,2,5,0,2,198,1,3,1,0,199,1,0,1,1,198,1,1,0,0,200,0,0,0,0,200,0,0
bm25_1_dense_3_rrf_20_candidates_10_top_10,1.0,3.0,20,10,10,200,200,0,0.74,0.945,0.99,0.9975,1.0,1.0,0.8709166666666667,10,-0.020000000000000018,-0.015000000000000013,0.0024999999999999467,0.0,0.0,0.0,-0.01375000000000004,2,9,189,159,154,5,0,3,0,0,0,0,False,1,5,194,2,6,0,3,197,1,4,2,1,197,2,1,0,0,200,0,0,0,0,200,0,0,0,0,200,0,0
bm25_1_dense_3_rrf_20_candidates_20_top_10,1.0,3.0,20,20,10,200,200,0,0.74,0.945,0.9875,0.995,1.0,1.0,0.8701666666666666,10,-0.020000000000000018,-0.015000000000000013,0.0,-0.0025000000000000577,0.0,0.0,-0.014500000000000068,2,10,188,159,154,5,0,3,0,0,0,1,False,1,5,194,2,6,0,3,197,1,4,1,1,198,1,1,1,1,198,1,1,0,0,200,0,0,0,0,200,0,0
bm25_1_dense_3_rrf_20_candidates_50_top_10,1.0,3.0,20,50,10,200,200,0,0.74,0.9475,0.9875,0.995,1.0,1.0,0.8701666666666666,10,-0.020000000000000018,-0.012499999999999956,0.0,-0.0025000000000000577,0.0,0.0,-0.014500000000000068,2,10,188,159,154,5,0,3,0,0,0,1,False,1,5,194,2,6,1,3,196,1,3,1,1,198,1,1,1,1,198,1,1,0,0,200,0,0,0,0,200,0,0
bm25_1_dense_3_rrf_20_candidates_100_top_10,1.0,3.0,20,100,10,200,200,0,0.74,0.9475,0.9875,0.995,1.0,1.0,0.8701666666666666,10,-0.020000000000000018,-0.012499999999999956,0.0,-0.0025000000000000577,0.0,0.0,-0.014500000000000068,2,10,188,159,154,5,0,3,0,0,0,1,False,1,5,194,2,6,1,3,196,1,3,1,1,198,1,1,1,1,198,1,1,0,0,200,0,0,0,0,200,0,0
bm25_1_dense_3_rrf_40_candidates_10_top_10,1.0,3.0,40,10,10,200,200,0,0.74,0.945,0.99,0.9975,1.0,1.0,0.8700833333333334,10,-0.020000000000000018,-0.015000000000000013,0.0024999999999999467,0.0,0.0,0.0,-0.014583333333333282,2,9,189,159,154,5,0,3,0,0,0,0,False,1,5,194,2,6,0,3,197,1,4,2,1,197,2,1,0,0,200,0,0,0,0,200,0,0,0,0,200,0,0
bm25_1_dense_3_rrf_40_candidates_20_top_10,1.0,3.0,40,20,10,200,200,0,0.74,0.945,0.98,0.995,1.0,1.0,0.8691666666666668,10,-0.020000000000000018,-0.015000000000000013,-0.007500000000000062,-0.0025000000000000577,0.0,0.0,-0.015499999999999958,2,10,188,159,154,5,0,3,0,1,0,1,False,1,5,194,2,6,0,3,197,1,4,1,3,196,1,3,1,1,198,1,1,0,0,200,0,0,0,0,200,0,0
bm25_1_dense_3_rrf_40_candidates_50_top_10,1.0,3.0,40,50,10,200,200,0,0.74,0.9475,0.9825,0.995,0.995,1.0,0.869047619047619,10,-0.020000000000000018,-0.012499999999999956,-0.0050000000000000044,-0.0025000000000000577,-0.0050000000000000044,0.0,-0.015619047619047755,2,10,188,159,154,5,0,3,0,1,0,1,False,1,5,194,2,6,1,3,196,1,3,1,2,197,1,2,1,1,198,1,1,0,1,199,0,1,0,0,200,0,0
bm25_1_dense_3_rrf_40_candidates_100_top_10,1.0,3.0,40,100,10,200,200,0,0.74,0.9475,0.9825,0.9925,0.995,1.0,0.869047619047619,10,-0.020000000000000018,-0.012499999999999956,-0.0050000000000000044,-0.0050000000000000044,-0.0050000000000000044,0.0,-0.015619047619047755,2,10,188,159,154,5,0,3,0,1,0,1,False,1,5,194,2,6,1,3,196,1,3,1,2,197,1,2,1,2,197,1,2,0,1,199,0,1,0,0,200,0,0
bm25_1_dense_3_rrf_60_candidates_10_top_10,1.0,3.0,60,10,10,200,200,0,0.735,0.945,0.99,0.9975,1.0,1.0,0.8675833333333334,10,-0.025000000000000022,-0.015000000000000013,0.0024999999999999467,0.0,0.0,0.0,-0.01708333333333334,2,10,188,159,153,6,0,3,0,0,0,0,False,1,6,193,2,7,0,3,197,1,4,2,1,197,2,1,0,0,200,0,0,0,0,200,0,0,0,0,200,0,0
bm25_1_dense_3_rrf_60_candidates_20_top_10,1.0,3.0,60,20,10,200,200,0,0.735,0.945,0.98,0.995,1.0,1.0,0.8666666666666667,10,-0.025000000000000022,-0.015000000000000013,-0.007500000000000062,-0.0025000000000000577,0.0,0.0,-0.018000000000000016,2,11,187,159,153,6,0,3,0,1,0,1,False,1,6,193,2,7,0,3,197,1,4,1,3,196,1,3,1,1,198,1,1,0,0,200,0,0,0,0,200,0,0
bm25_1_dense_3_rrf_60_candidates_50_top_10,1.0,3.0,60,50,10,200,200,0,0.735,0.945,0.9825,0.9925,0.995,1.0,0.8663333333333334,10,-0.025000000000000022,-0.015000000000000013,-0.0050000000000000044,-0.0050000000000000044,-0.0050000000000000044,0.0,-0.018333333333333313,2,11,187,159,153,6,0,3,0,1,0,1,False,1,6,193,2,7,0,3,197,1,4,1,2,197,1,2,1,2,197,1,2,0,1,199,0,1,0,0,200,0,0
bm25_1_dense_3_rrf_60_candidates_100_top_10,1.0,3.0,60,100,10,200,200,0,0.735,0.945,0.9825,0.9925,0.995,1.0,0.8663333333333334,10,-0.025000000000000022,-0.015000000000000013,-0.0050000000000000044,-0.0050000000000000044,-0.0050000000000000044,0.0,-0.018333333333333313,2,11,187,159,153,6,0,3,0,1,0,1,False,1,6,193,2,7,0,3,197,1,4,1,2,197,1,2,1,2,197,1,2,0,1,199,0,1,0,0,200,0,0
bm25_1_dense_3_rrf_100_candidates_10_top_10,1.0,3.0,100,10,10,200,200,0,0.735,0.945,0.99,0.9975,1.0,1.0,0.8675833333333334,10,-0.025000000000000022,-0.015000000000000013,0.0024999999999999467,0.0,0.0,0.0,-0.01708333333333334,2,10,188,159,153,6,0,3,0,0,0,0,False,1,6,193,2,7,0,3,197,1,4,2,1,197,2,1,0,0,200,0,0,0,0,200,0,0,0,0,200,0,0
bm25_1_dense_3_rrf_100_candidates_20_top_10,1.0,3.0,100,20,10,200,200,0,0.735,0.945,0.98,0.995,1.0,1.0,0.8666666666666667,10,-0.025000000000000022,-0.015000000000000013,-0.007500000000000062,-0.0025000000000000577,0.0,0.0,-0.018000000000000016,2,11,187,159,153,6,0,3,0,1,0,1,False,1,6,193,2,7,0,3,197,1,4,1,3,196,1,3,1,1,198,1,1,0,0,200,0,0,0,0,200,0,0
bm25_1_dense_3_rrf_100_candidates_50_top_10,1.0,3.0,100,50,10,200,200,0,0.735,0.945,0.9825,0.9875,0.99,1.0,0.8658333333333332,10,-0.025000000000000022,-0.015000000000000013,-0.0050000000000000044,-0.010000000000000009,-0.010000000000000009,0.0,-0.01883333333333348,2,11,187,159,153,6,0,3,0,1,0,2,False,1,6,193,2,7,0,3,197,1,4,1,2,197,1,2,1,3,196,1,3,0,2,198,0,2,0,0,200,0,0
bm25_1_dense_3_rrf_100_candidates_100_top_10,1.0,3.0,100,100,10,200,200,0,0.735,0.945,0.9825,0.9875,0.9875,1.0,0.8658333333333332,10,-0.025000000000000022,-0.015000000000000013,-0.0050000000000000044,-0.010000000000000009,-0.012499999999999956,0.0,-0.01883333333333348,2,11,187,159,153,6,0,3,0,1,0,2,False,1,6,193,2,7,0,3,197,1,4,1,2,197,1,2,1,3,196,1,3,0,3,197,0,3,0,0,200,0,0
bm25_1_dense_5_rrf_1_candidates_10_top_10,1.0,5.0,1,10,10,200,200,0,0.76,0.955,0.99,0.9975,1.0,1.0,0.88425,10,0.0,-0.0050000000000000044,0.0024999999999999467,0.0,0.0,0.0,-0.0004166666666667318,0,1,199,159,159,0,0,1,0,0,0,0,False,0,0,200,0,0,0,1,199,0,1,1,0,199,1,0,0,0,200,0,0,0,0,200,0,0,0,0,200,0,0
bm25_1_dense_5_rrf_1_candidates_20_top_10,1.0,5.0,1,20,10,200,200,0,0.76,0.955,0.99,0.995,1.0,1.0,0.88375,10,0.0,-0.0050000000000000044,0.0024999999999999467,-0.0025000000000000577,0.0,0.0,-0.0009166666666666767,0,2,198,159,159,0,0,1,0,0,0,1,False,0,0,200,0,0,0,1,199,0,1,1,0,199,1,0,1,1,198,1,1,0,0,200,0,0,0,0,200,0,0
bm25_1_dense_5_rrf_1_candidates_50_top_10,1.0,5.0,1,50,10,200,200,0,0.76,0.955,0.99,0.995,1.0,1.0,0.88375,10,0.0,-0.0050000000000000044,0.0024999999999999467,-0.0025000000000000577,0.0,0.0,-0.0009166666666666767,0,2,198,159,159,0,0,1,0,0,0,1,False,0,0,200,0,0,0,1,199,0,1,1,0,199,1,0,1,1,198,1,1,0,0,200,0,0,0,0,200,0,0
bm25_1_dense_5_rrf_1_candidates_100_top_10,1.0,5.0,1,100,10,200,200,0,0.76,0.955,0.99,0.995,1.0,1.0,0.88375,10,0.0,-0.0050000000000000044,0.0024999999999999467,-0.0025000000000000577,0.0,0.0,-0.0009166666666666767,0,2,198,159,159,0,0,1,0,0,0,1,False,0,0,200,0,0,0,1,199,0,1,1,0,199,1,0,1,1,198,1,1,0,0,200,0,0,0,0,200,0,0
bm25_1_dense_5_rrf_5_candidates_10_top_10,1.0,5.0,5,10,10,200,200,0,0.755,0.9575,0.99,0.9975,1.0,1.0,0.8817499999999999,10,-0.0050000000000000044,-0.0024999999999999467,0.0024999999999999467,0.0,0.0,0.0,-0.0029166666666667895,1,3,196,159,157,2,0,1,0,0,0,0,False,1,2,197,1,2,1,1,198,2,2,1,0,199,1,0,0,0,200,0,0,0,0,200,0,0,0,0,200,0,0
bm25_1_dense_5_rrf_5_candidates_20_top_10,1.0,5.0,5,20,10,200,200,0,0.75,0.955,0.9875,0.9925,1.0,1.0,0.87875,10,-0.010000000000000009,-0.0050000000000000044,0.0,-0.0050000000000000044,0.0,0.0,-0.005916666666666681,0,4,196,159,157,2,0,1,0,0,0,1,False,0,2,198,0,2,0,1,199,1,2,0,0,200,0,0,0,1,199,0,1,0,0,200,0,0,0,0,200,0,0
bm25_1_dense_5_rrf_5_candidates_50_top_10,1.0,5.0,5,50,10,200,200,0,0.75,0.955,0.9875,0.9925,1.0,1.0,0.87875,10,-0.010000000000000009,-0.0050000000000000044,0.0,-0.0050000000000000044,0.0,0.0,-0.005916666666666681,0,4,196,159,157,2,0,1,0,0,0,1,False,0,2,198,0,2,0,1,199,0,1,0,0,200,0,0,0,1,199,0,1,0,0,200,0,0,0,0,200,0,0
bm25_1_dense_5_rrf_5_candidates_100_top_10,1.0,5.0,5,100,10,200,200,0,0.75,0.955,0.9875,0.9925,1.0,1.0,0.87875,10,-0.010000000000000009,-0.0050000000000000044,0.0,-0.0050000000000000044,0.0,0.0,-0.005916666666666681,0,4,196,159,157,2,0,1,0,0,0,1,False,0,2,198,0,2,0,1,199,0,1,0,0,200,0,0,0,1,199,0,1,0,0,200,0,0,0,0,200,0,0
bm25_1_dense_5_rrf_10_candidates_10_top_10,1.0,5.0,10,10,10,200,200,0,0.755,0.9575,0.99,0.9975,1.0,1.0,0.8809166666666667,10,-0.0050000000000000044,-0.0024999999999999467,0.0024999999999999467,0.0,0.0,0.0,-0.003750000000000031,1,3,196,159,157,2,0,1,0,0,0,0,False,1,2,197,1,2,1,1,198,2,2,1,0,199,1,0,0,0,200,0,0,0,0,200,0,0,0,0,200,0,0
bm25_1_dense_5_rrf_10_candidates_20_top_10,1.0,5.0,10,20,10,200,200,0,0.75,0.955,0.99,0.9925,1.0,1.0,0.8779166666666667,10,-0.010000000000000009,-0.0050000000000000044,0.0024999999999999467,-0.0050000000000000044,0.0,0.0,-0.006750000000000034,0,4,196,159,157,2,0,1,0,0,0,1,False,0,2,198,0,2,0,1,199,1,2,1,0,199,1,0,0,1,199,0,1,0,0,200,0,0,0,0,200,0,0
bm25_1_dense_5_rrf_10_candidates_50_top_10,1.0,5.0,10,50,10,200,200,0,0.75,0.955,0.99,0.9925,1.0,1.0,0.8779166666666667,10,-0.010000000000000009,-0.0050000000000000044,0.0024999999999999467,-0.0050000000000000044,0.0,0.0,-0.006750000000000034,0,4,196,159,157,2,0,1,0,0,0,1,False,0,2,198,0,2,0,1,199,1,2,1,0,199,1,0,0,1,199,0,1,0,0,200,0,0,0,0,200,0,0
bm25_1_dense_5_rrf_10_candidates_100_top_10,1.0,5.0,10,100,10,200,200,0,0.75,0.955,0.99,0.9925,1.0,1.0,0.8779166666666667,10,-0.010000000000000009,-0.0050000000000000044,0.0024999999999999467,-0.0050000000000000044,0.0,0.0,-0.006750000000000034,0,4,196,159,157,2,0,1,0,0,0,1,False,0,2,198,0,2,0,1,199,1,2,1,0,199,1,0,0,1,199,0,1,0,0,200,0,0,0,0,200,0,0
bm25_1_dense_5_rrf_20_candidates_10_top_10,1.0,5.0,20,10,10,200,200,0,0.755,0.9475,0.99,0.9975,1.0,1.0,0.8800833333333334,10,-0.0050000000000000044,-0.012499999999999956,0.0024999999999999467,0.0,0.0,0.0,-0.004583333333333273,2,4,194,159,157,2,0,3,0,0,0,0,False,1,2,197,1,2,1,3,196,2,4,1,0,199,1,0,0,0,200,0,0,0,0,200,0,0,0,0,200,0,0
bm25_1_dense_5_rrf_20_candidates_20_top_10,1.0,5.0,20,20,10,200,200,0,0.755,0.9475,0.99,0.995,1.0,1.0,0.8795833333333333,10,-0.0050000000000000044,-0.012499999999999956,0.0024999999999999467,-0.0025000000000000577,0.0,0.0,-0.00508333333333344,2,5,193,159,157,2,0,3,0,0,0,1,False,1,2,197,1,2,1,3,196,2,4,1,0,199,1,0,1,1,198,1,1,0,0,200,0,0,0,0,200,0,0
bm25_1_dense_5_rrf_20_candidates_50_top_10,1.0,5.0,20,50,10,200,200,0,0.755,0.95,0.99,0.995,1.0,1.0,0.8795833333333333,10,-0.0050000000000000044,-0.010000000000000009,0.0024999999999999467,-0.0025000000000000577,0.0,0.0,-0.00508333333333344,2,5,193,159,157,2,0,3,0,0,0,1,False,1,2,197,1,2,2,3,195,2,3,1,0,199,1,0,1,1,198,1,1,0,0,200,0,0,0,0,200,0,0
bm25_1_dense_5_rrf_20_candidates_100_top_10,1.0,5.0,20,100,10,200,200,0,0.755,0.95,0.9875,0.995,1.0,1.0,0.8795833333333333,10,-0.0050000000000000044,-0.010000000000000009,0.0,-0.0025000000000000577,0.0,0.0,-0.00508333333333344,2,5,193,159,157,2,0,3,0,0,0,1,False,1,2,197,1,2,2,3,195,2,3,1,1,198,1,1,1,1,198,1,1,0,0,200,0,0,0,0,200,0,0
bm25_1_dense_5_rrf_40_candidates_10_top_10,1.0,5.0,40,10,10,200,200,0,0.745,0.9475,0.99,0.9975,1.0,1.0,0.8750833333333334,10,-0.015000000000000013,-0.012499999999999956,0.0024999999999999467,0.0,0.0,0.0,-0.009583333333333277,2,6,192,159,155,4,0,3,0,0,0,0,False,1,4,195,2,5,1,3,196,2,4,2,1,197,2,1,0,0,200,0,0,0,0,200,0,0,0,0,200,0,0
bm25_1_dense_5_rrf_40_candidates_20_top_10,1.0,5.0,40,20,10,200,200,0,0.745,0.9475,0.9875,0.995,1.0,1.0,0.8743333333333334,10,-0.015000000000000013,-0.012499999999999956,0.0,-0.0025000000000000577,0.0,0.0,-0.010333333333333306,2,7,191,159,155,4,0,3,0,0,0,1,False,1,4,195,2,5,1,3,196,2,4,1,1,198,1,1,1,1,198,1,1,0,0,200,0,0,0,0,200,0,0
bm25_1_dense_5_rrf_40_candidates_50_top_10,1.0,5.0,40,50,10,200,200,0,0.745,0.95,0.9875,0.995,1.0,1.0,0.8743333333333334,10,-0.015000000000000013,-0.010000000000000009,0.0,-0.0025000000000000577,0.0,0.0,-0.010333333333333306,2,7,191,159,155,4,0,3,0,0,0,1,False,1,4,195,2,5,2,3,195,2,3,1,1,198,1,1,1,1,198,1,1,0,0,200,0,0,0,0,200,0,0
bm25_1_dense_5_rrf_40_candidates_100_top_10,1.0,5.0,40,100,10,200,200,0,0.745,0.95,0.9875,0.995,1.0,1.0,0.8743333333333334,10,-0.015000000000000013,-0.010000000000000009,0.0,-0.0025000000000000577,0.0,0.0,-0.010333333333333306,2,7,191,159,155,4,0,3,0,0,0,1,False,1,4,195,2,5,2,3,195,2,3,1,1,198,1,1,1,1,198,1,1,0,0,200,0,0,0,0,200,0,0
bm25_1_dense_5_rrf_60_candidates_10_top_10,1.0,5.0,60,10,10,200,200,0,0.745,0.9475,0.99,0.9975,1.0,1.0,0.8750833333333334,10,-0.015000000000000013,-0.012499999999999956,0.0024999999999999467,0.0,0.0,0.0,-0.009583333333333277,2,6,192,159,155,4,0,3,0,0,0,0,False,1,4,195,2,5,1,3,196,2,4,2,1,197,2,1,0,0,200,0,0,0,0,200,0,0,0,0,200,0,0
bm25_1_dense_5_rrf_60_candidates_20_top_10,1.0,5.0,60,20,10,200,200,0,0.745,0.9475,0.9875,0.995,1.0,1.0,0.8743333333333334,10,-0.015000000000000013,-0.012499999999999956,0.0,-0.0025000000000000577,0.0,0.0,-0.010333333333333306,2,7,191,159,155,4,0,3,0,0,0,1,False,1,4,195,2,5,1,3,196,2,4,1,1,198,1,1,1,1,198,1,1,0,0,200,0,0,0,0,200,0,0
bm25_1_dense_5_rrf_60_candidates_50_top_10,1.0,5.0,60,50,10,200,200,0,0.745,0.95,0.9825,0.995,1.0,1.0,0.8741666666666668,10,-0.015000000000000013,-0.010000000000000009,-0.0050000000000000044,-0.0025000000000000577,0.0,0.0,-0.010499999999999954,2,7,191,159,155,4,0,3,0,1,0,1,False,1,4,195,2,5,2,3,195,2,3,1,2,197,1,2,1,1,198,1,1,0,0,200,0,0,0,0,200,0,0
bm25_1_dense_5_rrf_60_candidates_100_top_10,1.0,5.0,60,100,10,200,200,0,0.745,0.95,0.9825,0.9925,1.0,1.0,0.8741666666666668,10,-0.015000000000000013,-0.010000000000000009,-0.0050000000000000044,-0.0050000000000000044,0.0,0.0,-0.010499999999999954,2,7,191,159,155,4,0,3,0,1,0,1,False,1,4,195,2,5,2,3,195,2,3,1,2,197,1,2,1,2,197,1,2,0,0,200,0,0,0,0,200,0,0
bm25_1_dense_5_rrf_100_candidates_10_top_10,1.0,5.0,100,10,10,200,200,0,0.745,0.9475,0.99,0.9975,1.0,1.0,0.8750833333333334,10,-0.015000000000000013,-0.012499999999999956,0.0024999999999999467,0.0,0.0,0.0,-0.009583333333333277,2,6,192,159,155,4,0,3,0,0,0,0,False,1,4,195,2,5,1,3,196,2,4,2,1,197,2,1,0,0,200,0,0,0,0,200,0,0,0,0,200,0,0
bm25_1_dense_5_rrf_100_candidates_20_top_10,1.0,5.0,100,20,10,200,200,0,0.745,0.9475,0.98,0.995,1.0,1.0,0.8741666666666668,10,-0.015000000000000013,-0.012499999999999956,-0.007500000000000062,-0.0025000000000000577,0.0,0.0,-0.010499999999999954,2,7,191,159,155,4,0,3,0,1,0,1,False,1,4,195,2,5,1,3,196,2,4,1,3,196,1,3,1,1,198,1,1,0,0,200,0,0,0,0,200,0,0
bm25_1_dense_5_rrf_100_candidates_50_top_10,1.0,5.0,100,50,10,200,200,0,0.745,0.95,0.9825,0.9925,0.995,1.0,0.8738333333333334,10,-0.015000000000000013,-0.010000000000000009,-0.0050000000000000044,-0.0050000000000000044,-0.0050000000000000044,0.0,-0.010833333333333361,2,7,191,159,155,4,0,3,0,1,0,1,False,1,4,195,2,5,2,3,195,2,3,1,2,197,1,2,1,2,197,1,2,0,1,199,0,1,0,0,200,0,0
bm25_1_dense_5_rrf_100_candidates_100_top_10,1.0,5.0,100,100,10,200,200,0,0.745,0.95,0.9825,0.9925,0.995,1.0,0.8738333333333334,10,-0.015000000000000013,-0.010000000000000009,-0.0050000000000000044,-0.0050000000000000044,-0.0050000000000000044,0.0,-0.010833333333333361,2,7,191,159,155,4,0,3,0,1,0,1,False,1,4,195,2,5,2,3,195,2,3,1,2,197,1,2,1,2,197,1,2,0,1,199,0,1,0,0,200,0,0
bm25_1_dense_8_rrf_1_candidates_10_top_10,1.0,8.0,1,10,10,200,200,0,0.76,0.96,0.99,0.9975,1.0,1.0,0.8846666666666667,10,0.0,0.0,0.0024999999999999467,0.0,0.0,0.0,0.0,0,0,200,159,159,0,0,0,0,0,0,0,True,0,0,200,0,0,0,0,200,0,0,1,0,199,1,0,0,0,200,0,0,0,0,200,0,0,0,0,200,0,0
bm25_1_dense_8_rrf_1_candidates_20_top_10,1.0,8.0,1,20,10,200,200,0,0.76,0.96,0.99,0.9925,1.0,1.0,0.8841666666666668,10,0.0,0.0,0.0024999999999999467,-0.0050000000000000044,0.0,0.0,-0.0004999999999999449,0,1,199,159,159,0,0,0,0,0,0,1,False,0,0,200,0,0,0,0,200,0,0,1,0,199,1,0,0,1,199,0,1,0,0,200,0,0,0,0,200,0,0
bm25_1_dense_8_rrf_1_candidates_50_top_10,1.0,8.0,1,50,10,200,200,0,0.76,0.96,0.99,0.9925,1.0,1.0,0.8841666666666668,10,0.0,0.0,0.0024999999999999467,-0.0050000000000000044,0.0,0.0,-0.0004999999999999449,0,1,199,159,159,0,0,0,0,0,0,1,False,0,0,200,0,0,0,0,200,0,0,1,0,199,1,0,0,1,199,0,1,0,0,200,0,0,0,0,200,0,0
bm25_1_dense_8_rrf_1_candidates_100_top_10,1.0,8.0,1,100,10,200,200,0,0.76,0.96,0.99,0.9925,1.0,1.0,0.8841666666666668,10,0.0,0.0,0.0024999999999999467,-0.0050000000000000044,0.0,0.0,-0.0004999999999999449,0,1,199,159,159,0,0,0,0,0,0,1,False,0,0,200,0,0,0,0,200,0,0,1,0,199,1,0,0,1,199,0,1,0,0,200,0,0,0,0,200,0,0
bm25_1_dense_8_rrf_5_candidates_10_top_10,1.0,8.0,5,10,10,200,200,0,0.76,0.9625,0.9875,0.9975,1.0,1.0,0.8846666666666667,10,0.0,0.0025000000000000577,0.0,0.0,0.0,0.0,0.0,0,0,200,159,159,0,0,0,0,0,0,0,True,0,0,200,0,0,1,0,199,1,0,0,0,200,0,0,0,0,200,0,0,0,0,200,0,0,0,0,200,0,0
bm25_1_dense_8_rrf_5_candidates_20_top_10,1.0,8.0,5,20,10,200,200,0,0.76,0.96,0.9875,0.9925,1.0,1.0,0.8841666666666668,10,0.0,0.0,0.0,-0.0050000000000000044,0.0,0.0,-0.0004999999999999449,0,1,199,159,159,0,0,0,0,0,0,1,False,0,0,200,0,0,0,0,200,0,0,0,0,200,0,0,0,1,199,0,1,0,0,200,0,0,0,0,200,0,0
bm25_1_dense_8_rrf_5_candidates_50_top_10,1.0,8.0,5,50,10,200,200,0,0.76,0.96,0.9875,0.9925,1.0,1.0,0.8841666666666668,10,0.0,0.0,0.0,-0.0050000000000000044,0.0,0.0,-0.0004999999999999449,0,1,199,159,159,0,0,0,0,0,0,1,False,0,0,200,0,0,0,0,200,0,0,0,0,200,0,0,0,1,199,0,1,0,0,200,0,0,0,0,200,0,0
bm25_1_dense_8_rrf_5_candidates_100_top_10,1.0,8.0,5,100,10,200,200,0,0.76,0.96,0.9875,0.9925,1.0,1.0,0.8841666666666668,10,0.0,0.0,0.0,-0.0050000000000000044,0.0,0.0,-0.0004999999999999449,0,1,199,159,159,0,0,0,0,0,0,1,False,0,0,200,0,0,0,0,200,0,0,0,0,200,0,0,0,1,199,0,1,0,0,200,0,0,0,0,200,0,0
bm25_1_dense_8_rrf_10_candidates_10_top_10,1.0,8.0,10,10,10,200,200,0,0.755,0.9625,0.9875,0.9975,1.0,1.0,0.8821666666666667,10,-0.0050000000000000044,0.0025000000000000577,0.0,0.0,0.0,0.0,-0.0025000000000000577,1,2,197,159,157,2,0,0,0,0,0,0,False,1,2,197,1,2,1,0,199,2,1,0,0,200,0,0,0,0,200,0,0,0,0,200,0,0,0,0,200,0,0
bm25_1_dense_8_rrf_10_candidates_20_top_10,1.0,8.0,10,20,10,200,200,0,0.75,0.96,0.9875,0.9925,1.0,1.0,0.8791666666666668,10,-0.010000000000000009,0.0,0.0,-0.0050000000000000044,0.0,0.0,-0.005499999999999949,0,3,197,159,157,2,0,0,0,0,0,1,False,0,2,198,0,2,0,0,200,1,1,0,0,200,0,0,0,1,199,0,1,0,0,200,0,0,0,0,200,0,0
bm25_1_dense_8_rrf_10_candidates_50_top_10,1.0,8.0,10,50,10,200,200,0,0.75,0.96,0.9875,0.9925,1.0,1.0,0.8791666666666668,10,-0.010000000000000009,0.0,0.0,-0.0050000000000000044,0.0,0.0,-0.005499999999999949,0,3,197,159,157,2,0,0,0,0,0,1,False,0,2,198,0,2,0,0,200,0,0,0,0,200,0,0,0,1,199,0,1,0,0,200,0,0,0,0,200,0,0
bm25_1_dense_8_rrf_10_candidates_100_top_10,1.0,8.0,10,100,10,200,200,0,0.75,0.96,0.9875,0.9925,1.0,1.0,0.8791666666666668,10,-0.010000000000000009,0.0,0.0,-0.0050000000000000044,0.0,0.0,-0.005499999999999949,0,3,197,159,157,2,0,0,0,0,0,1,False,0,2,198,0,2,0,0,200,0,0,0,0,200,0,0,0,1,199,0,1,0,0,200,0,0,0,0,200,0,0
bm25_1_dense_8_rrf_20_candidates_10_top_10,1.0,8.0,20,10,10,200,200,0,0.755,0.9625,0.99,0.9975,1.0,1.0,0.8813333333333334,10,-0.0050000000000000044,0.0025000000000000577,0.0024999999999999467,0.0,0.0,0.0,-0.0033333333333332993,1,2,197,159,157,2,0,0,0,0,0,0,True,1,2,197,1,2,1,0,199,2,1,1,0,199,1,0,0,0,200,0,0,0,0,200,0,0,0,0,200,0,0
bm25_1_dense_8_rrf_20_candidates_20_top_10,1.0,8.0,20,20,10,200,200,0,0.75,0.96,0.9875,0.9925,1.0,1.0,0.8783333333333333,10,-0.010000000000000009,0.0,0.0,-0.0050000000000000044,0.0,0.0,-0.006333333333333413,0,3,197,159,157,2,0,0,0,0,0,1,False,0,2,198,0,2,0,0,200,1,1,0,0,200,0,0,0,1,199,0,1,0,0,200,0,0,0,0,200,0,0
bm25_1_dense_8_rrf_20_candidates_50_top_10,1.0,8.0,20,50,10,200,200,0,0.75,0.96,0.9875,0.9925,1.0,1.0,0.8783333333333333,10,-0.010000000000000009,0.0,0.0,-0.0050000000000000044,0.0,0.0,-0.006333333333333413,0,3,197,159,157,2,0,0,0,0,0,1,False,0,2,198,0,2,0,0,200,0,0,0,0,200,0,0,0,1,199,0,1,0,0,200,0,0,0,0,200,0,0
bm25_1_dense_8_rrf_20_candidates_100_top_10,1.0,8.0,20,100,10,200,200,0,0.75,0.96,0.9875,0.9925,1.0,1.0,0.8783333333333333,10,-0.010000000000000009,0.0,0.0,-0.0050000000000000044,0.0,0.0,-0.006333333333333413,0,3,197,159,157,2,0,0,0,0,0,1,False,0,2,198,0,2,0,0,200,0,0,0,0,200,0,0,0,1,199,0,1,0,0,200,0,0,0,0,200,0,0
bm25_1_dense_8_rrf_40_candidates_10_top_10,1.0,8.0,40,10,10,200,200,0,0.755,0.9575,0.9925,0.9975,1.0,1.0,0.8809166666666667,10,-0.0050000000000000044,-0.0024999999999999467,0.0050000000000000044,0.0,0.0,0.0,-0.003750000000000031,2,2,196,159,157,2,0,1,0,0,0,0,True,1,2,197,1,2,1,1,198,2,2,2,0,198,2,0,0,0,200,0,0,0,0,200,0,0,0,0,200,0,0
bm25_1_dense_8_rrf_40_candidates_20_top_10,1.0,8.0,40,20,10,200,200,0,0.75,0.955,0.9875,0.995,1.0,1.0,0.8776666666666667,10,-0.010000000000000009,-0.0050000000000000044,0.0,-0.0025000000000000577,0.0,0.0,-0.007000000000000006,1,3,196,159,157,2,0,1,0,0,0,1,False,0,2,198,0,2,0,1,199,1,2,0,0,200,0,0,1,1,198,1,1,0,0,200,0,0,0,0,200,0,0
bm25_1_dense_8_rrf_40_candidates_50_top_10,1.0,8.0,40,50,10,200,200,0,0.75,0.9575,0.985,0.995,1.0,1.0,0.8776666666666667,10,-0.010000000000000009,-0.0024999999999999467,-0.0025000000000000577,-0.0025000000000000577,0.0,0.0,-0.007000000000000006,1,3,196,159,157,2,0,1,0,0,0,1,False,0,2,198,0,2,1,1,198,1,1,0,1,199,0,1,1,1,198,1,1,0,0,200,0,0,0,0,200,0,0
bm25_1_dense_8_rrf_40_candidates_100_top_10,1.0,8.0,40,100,10,200,200,0,0.75,0.9575,0.985,0.995,1.0,1.0,0.8776666666666667,10,-0.010000000000000009,-0.0024999999999999467,-0.0025000000000000577,-0.0025000000000000577,0.0,0.0,-0.007000000000000006,1,3,196,159,157,2,0,1,0,0,0,1,False,0,2,198,0,2,1,1,198,1,1,0,1,199,0,1,1,1,198,1,1,0,0,200,0,0,0,0,200,0,0
bm25_1_dense_8_rrf_60_candidates_10_top_10,1.0,8.0,60,10,10,200,200,0,0.755,0.9575,0.99,0.9975,1.0,1.0,0.8809166666666667,10,-0.0050000000000000044,-0.0024999999999999467,0.0024999999999999467,0.0,0.0,0.0,-0.003750000000000031,2,2,196,159,157,2,0,1,0,0,0,0,False,1,2,197,1,2,1,1,198,2,2,2,1,197,2,1,0,0,200,0,0,0,0,200,0,0,0,0,200,0,0
bm25_1_dense_8_rrf_60_candidates_20_top_10,1.0,8.0,60,20,10,200,200,0,0.75,0.955,0.985,0.995,1.0,1.0,0.8776666666666667,10,-0.010000000000000009,-0.0050000000000000044,-0.0025000000000000577,-0.0025000000000000577,0.0,0.0,-0.007000000000000006,1,3,196,159,157,2,0,1,0,0,0,1,False,0,2,198,0,2,0,1,199,1,2,0,1,199,0,1,1,1,198,1,1,0,0,200,0,0,0,0,200,0,0
bm25_1_dense_8_rrf_60_candidates_50_top_10,1.0,8.0,60,50,10,200,200,0,0.75,0.9575,0.985,0.995,1.0,1.0,0.8776666666666667,10,-0.010000000000000009,-0.0024999999999999467,-0.0025000000000000577,-0.0025000000000000577,0.0,0.0,-0.007000000000000006,1,3,196,159,157,2,0,1,0,0,0,1,False,0,2,198,0,2,1,1,198,1,1,0,1,199,0,1,1,1,198,1,1,0,0,200,0,0,0,0,200,0,0
bm25_1_dense_8_rrf_60_candidates_100_top_10,1.0,8.0,60,100,10,200,200,0,0.75,0.9575,0.985,0.995,1.0,1.0,0.8776666666666667,10,-0.010000000000000009,-0.0024999999999999467,-0.0025000000000000577,-0.0025000000000000577,0.0,0.0,-0.007000000000000006,1,3,196,159,157,2,0,1,0,0,0,1,False,0,2,198,0,2,1,1,198,1,1,0,1,199,0,1,1,1,198,1,1,0,0,200,0,0,0,0,200,0,0
bm25_1_dense_8_rrf_100_candidates_10_top_10,1.0,8.0,100,10,10,200,200,0,0.755,0.9575,0.99,0.9975,1.0,1.0,0.8809166666666667,10,-0.0050000000000000044,-0.0024999999999999467,0.0024999999999999467,0.0,0.0,0.0,-0.003750000000000031,2,2,196,159,157,2,0,1,0,0,0,0,False,1,2,197,1,2,1,1,198,2,2,2,1,197,2,1,0,0,200,0,0,0,0,200,0,0,0,0,200,0,0
bm25_1_dense_8_rrf_100_candidates_20_top_10,1.0,8.0,100,20,10,200,200,0,0.755,0.955,0.985,0.995,1.0,1.0,0.8801666666666667,10,-0.0050000000000000044,-0.0050000000000000044,-0.0025000000000000577,-0.0025000000000000577,0.0,0.0,-0.0045000000000000595,2,3,195,159,157,2,0,1,0,0,0,1,False,1,2,197,1,2,0,1,199,1,2,0,1,199,0,1,1,1,198,1,1,0,0,200,0,0,0,0,200,0,0
bm25_1_dense_8_rrf_100_candidates_50_top_10,1.0,8.0,100,50,10,200,200,0,0.755,0.9575,0.98,0.995,1.0,1.0,0.8798809523809524,10,-0.0050000000000000044,-0.0024999999999999467,-0.007500000000000062,-0.0025000000000000577,0.0,0.0,-0.004785714285714282,2,3,195,159,157,2,0,1,0,1,0,1,False,1,2,197,1,2,1,1,198,1,1,0,2,198,0,2,1,1,198,1,1,0,0,200,0,0,0,0,200,0,0
bm25_1_dense_8_rrf_100_candidates_100_top_10,1.0,8.0,100,100,10,200,200,0,0.755,0.9575,0.98,0.9925,1.0,1.0,0.8798809523809524,10,-0.0050000000000000044,-0.0024999999999999467,-0.007500000000000062,-0.0050000000000000044,0.0,0.0,-0.004785714285714282,2,3,195,159,157,2,0,1,0,1,0,1,False,1,2,197,1,2,1,1,198,1,1,0,2,198,0,2,1,2,197,1,2,0,0,200,0,0,0,0,200,0,0
bm25_1_dense_13_rrf_1_candidates_10_top_10,1.0,13.0,1,10,10,200,200,0,0.76,0.96,0.9875,0.9975,1.0,1.0,0.8846666666666667,10,0.0,0.0,0.0,0.0,0.0,0.0,0.0,0,0,200,159,159,0,0,0,0,0,0,0,False,0,0,200,0,0,0,0,200,0,0,0,0,200,0,0,0,0,200,0,0,0,0,200,0,0,0,0,200,0,0
bm25_1_dense_13_rrf_1_candidates_20_top_10,1.0,13.0,1,20,10,200,200,0,0.76,0.96,0.9875,0.9925,1.0,1.0,0.8841666666666668,10,0.0,0.0,0.0,-0.0050000000000000044,0.0,0.0,-0.0004999999999999449,0,1,199,159,159,0,0,0,0,0,0,1,False,0,0,200,0,0,0,0,200,0,0,0,0,200,0,0,0,1,199,0,1,0,0,200,0,0,0,0,200,0,0
bm25_1_dense_13_rrf_1_candidates_50_top_10,1.0,13.0,1,50,10,200,200,0,0.76,0.96,0.9875,0.9925,1.0,1.0,0.8841666666666668,10,0.0,0.0,0.0,-0.0050000000000000044,0.0,0.0,-0.0004999999999999449,0,1,199,159,159,0,0,0,0,0,0,1,False,0,0,200,0,0,0,0,200,0,0,0,0,200,0,0,0,1,199,0,1,0,0,200,0,0,0,0,200,0,0
bm25_1_dense_13_rrf_1_candidates_100_top_10,1.0,13.0,1,100,10,200,200,0,0.76,0.96,0.9875,0.9925,1.0,1.0,0.8841666666666668,10,0.0,0.0,0.0,-0.0050000000000000044,0.0,0.0,-0.0004999999999999449,0,1,199,159,159,0,0,0,0,0,0,1,False,0,0,200,0,0,0,0,200,0,0,0,0,200,0,0,0,1,199,0,1,0,0,200,0,0,0,0,200,0,0
bm25_1_dense_13_rrf_5_candidates_10_top_10,1.0,13.0,5,10,10,200,200,0,0.76,0.96,0.9875,0.9975,1.0,1.0,0.8846666666666667,10,0.0,0.0,0.0,0.0,0.0,0.0,0.0,0,0,200,159,159,0,0,0,0,0,0,0,False,0,0,200,0,0,0,0,200,0,0,0,0,200,0,0,0,0,200,0,0,0,0,200,0,0,0,0,200,0,0
bm25_1_dense_13_rrf_5_candidates_20_top_10,1.0,13.0,5,20,10,200,200,0,0.76,0.96,0.9875,0.9925,1.0,1.0,0.8841666666666668,10,0.0,0.0,0.0,-0.0050000000000000044,0.0,0.0,-0.0004999999999999449,0,1,199,159,159,0,0,0,0,0,0,1,False,0,0,200,0,0,0,0,200,0,0,0,0,200,0,0,0,1,199,0,1,0,0,200,0,0,0,0,200,0,0
bm25_1_dense_13_rrf_5_candidates_50_top_10,1.0,13.0,5,50,10,200,200,0,0.76,0.96,0.9875,0.9925,1.0,1.0,0.8841666666666668,10,0.0,0.0,0.0,-0.0050000000000000044,0.0,0.0,-0.0004999999999999449,0,1,199,159,159,0,0,0,0,0,0,1,False,0,0,200,0,0,0,0,200,0,0,0,0,200,0,0,0,1,199,0,1,0,0,200,0,0,0,0,200,0,0
bm25_1_dense_13_rrf_5_candidates_100_top_10,1.0,13.0,5,100,10,200,200,0,0.76,0.96,0.9875,0.9925,1.0,1.0,0.8841666666666668,10,0.0,0.0,0.0,-0.0050000000000000044,0.0,0.0,-0.0004999999999999449,0,1,199,159,159,0,0,0,0,0,0,1,False,0,0,200,0,0,0,0,200,0,0,0,0,200,0,0,0,1,199,0,1,0,0,200,0,0,0,0,200,0,0
bm25_1_dense_13_rrf_10_candidates_10_top_10,1.0,13.0,10,10,10,200,200,0,0.76,0.9625,0.9875,0.9975,1.0,1.0,0.8846666666666667,10,0.0,0.0025000000000000577,0.0,0.0,0.0,0.0,0.0,0,0,200,159,159,0,0,0,0,0,0,0,True,0,0,200,0,0,1,0,199,1,0,0,0,200,0,0,0,0,200,0,0,0,0,200,0,0,0,0,200,0,0
bm25_1_dense_13_rrf_10_candidates_20_top_10,1.0,13.0,10,20,10,200,200,0,0.76,0.96,0.9875,0.9925,1.0,1.0,0.8841666666666668,10,0.0,0.0,0.0,-0.0050000000000000044,0.0,0.0,-0.0004999999999999449,0,1,199,159,159,0,0,0,0,0,0,1,False,0,0,200,0,0,0,0,200,0,0,0,0,200,0,0,0,1,199,0,1,0,0,200,0,0,0,0,200,0,0
bm25_1_dense_13_rrf_10_candidates_50_top_10,1.0,13.0,10,50,10,200,200,0,0.76,0.96,0.9875,0.9925,1.0,1.0,0.8841666666666668,10,0.0,0.0,0.0,-0.0050000000000000044,0.0,0.0,-0.0004999999999999449,0,1,199,159,159,0,0,0,0,0,0,1,False,0,0,200,0,0,0,0,200,0,0,0,0,200,0,0,0,1,199,0,1,0,0,200,0,0,0,0,200,0,0
bm25_1_dense_13_rrf_10_candidates_100_top_10,1.0,13.0,10,100,10,200,200,0,0.76,0.96,0.9875,0.9925,1.0,1.0,0.8841666666666668,10,0.0,0.0,0.0,-0.0050000000000000044,0.0,0.0,-0.0004999999999999449,0,1,199,159,159,0,0,0,0,0,0,1,False,0,0,200,0,0,0,0,200,0,0,0,0,200,0,0,0,1,199,0,1,0,0,200,0,0,0,0,200,0,0
bm25_1_dense_13_rrf_20_candidates_10_top_10,1.0,13.0,20,10,10,200,200,0,0.755,0.9625,0.9875,0.9975,1.0,1.0,0.8821666666666667,10,-0.0050000000000000044,0.0025000000000000577,0.0,0.0,0.0,0.0,-0.0025000000000000577,1,2,197,159,157,2,0,0,0,0,0,0,False,1,2,197,1,2,1,0,199,2,1,0,0,200,0,0,0,0,200,0,0,0,0,200,0,0,0,0,200,0,0
bm25_1_dense_13_rrf_20_candidates_20_top_10,1.0,13.0,20,20,10,200,200,0,0.75,0.96,0.9875,0.9925,1.0,1.0,0.8791666666666668,10,-0.010000000000000009,0.0,0.0,-0.0050000000000000044,0.0,0.0,-0.005499999999999949,0,3,197,159,157,2,0,0,0,0,0,1,False,0,2,198,0,2,0,0,200,1,1,0,0,200,0,0,0,1,199,0,1,0,0,200,0,0,0,0,200,0,0
bm25_1_dense_13_rrf_20_candidates_50_top_10,1.0,13.0,20,50,10,200,200,0,0.75,0.96,0.9875,0.9925,1.0,1.0,0.8791666666666668,10,-0.010000000000000009,0.0,0.0,-0.0050000000000000044,0.0,0.0,-0.005499999999999949,0,3,197,159,157,2,0,0,0,0,0,1,False,0,2,198,0,2,0,0,200,0,0,0,0,200,0,0,0,1,199,0,1,0,0,200,0,0,0,0,200,0,0
bm25_1_dense_13_rrf_20_candidates_100_top_10,1.0,13.0,20,100,10,200,200,0,0.75,0.96,0.9875,0.9925,1.0,1.0,0.8791666666666668,10,-0.010000000000000009,0.0,0.0,-0.0050000000000000044,0.0,0.0,-0.005499999999999949,0,3,197,159,157,2,0,0,0,0,0,1,False,0,2,198,0,2,0,0,200,0,0,0,0,200,0,0,0,1,199,0,1,0,0,200,0,0,0,0,200,0,0
bm25_1_dense_13_rrf_40_candidates_10_top_10,1.0,13.0,40,10,10,200,200,0,0.755,0.9625,0.99,0.9975,1.0,1.0,0.8805,10,-0.0050000000000000044,0.0025000000000000577,0.0024999999999999467,0.0,0.0,0.0,-0.004166666666666763,1,2,197,159,157,2,0,0,0,0,0,0,False,1,2,197,1,2,1,0,199,2,1,1,0,199,1,0,0,0,200,0,0,0,0,200,0,0,0,0,200,0,0
bm25_1_dense_13_rrf_40_candidates_20_top_10,1.0,13.0,40,20,10,200,200,0,0.75,0.96,0.9875,0.9925,1.0,1.0,0.8775,10,-0.010000000000000009,0.0,0.0,-0.0050000000000000044,0.0,0.0,-0.0071666666666667656,0,3,197,159,157,2,0,0,0,0,0,1,False,0,2,198,0,2,0,0,200,1,1,0,0,200,0,0,0,1,199,0,1,0,0,200,0,0,0,0,200,0,0
bm25_1_dense_13_rrf_40_candidates_50_top_10,1.0,13.0,40,50,10,200,200,0,0.75,0.96,0.9875,0.9925,1.0,1.0,0.8783333333333333,10,-0.010000000000000009,0.0,0.0,-0.0050000000000000044,0.0,0.0,-0.006333333333333413,1,3,196,159,157,2,0,0,0,0,0,1,False,0,2,198,0,2,0,0,200,0,0,0,0,200,0,0,0,1,199,0,1,0,0,200,0,0,0,0,200,0,0
bm25_1_dense_13_rrf_40_candidates_100_top_10,1.0,13.0,40,100,10,200,200,0,0.75,0.96,0.985,0.9925,1.0,1.0,0.8783333333333333,10,-0.010000000000000009,0.0,-0.0025000000000000577,-0.0050000000000000044,0.0,0.0,-0.006333333333333413,1,3,196,159,157,2,0,0,0,0,0,1,False,0,2,198,0,2,0,0,200,0,0,0,1,199,0,1,0,1,199,0,1,0,0,200,0,0,0,0,200,0,0
bm25_1_dense_13_rrf_60_candidates_10_top_10,1.0,13.0,60,10,10,200,200,0,0.755,0.9575,0.99,0.9975,1.0,1.0,0.8809166666666667,10,-0.0050000000000000044,-0.0024999999999999467,0.0024999999999999467,0.0,0.0,0.0,-0.003750000000000031,2,2,196,159,157,2,0,1,0,0,0,0,False,1,2,197,1,2,1,1,198,2,2,1,0,199,1,0,0,0,200,0,0,0,0,200,0,0,0,0,200,0,0
bm25_1_dense_13_rrf_60_candidates_20_top_10,1.0,13.0,60,20,10,200,200,0,0.75,0.955,0.9875,0.9925,1.0,1.0,0.8776666666666667,10,-0.010000000000000009,-0.0050000000000000044,0.0,-0.0050000000000000044,0.0,0.0,-0.007000000000000006,1,3,196,159,157,2,0,1,0,0,0,1,False,0,2,198,0,2,0,1,199,1,2,0,0,200,0,0,0,1,199,0,1,0,0,200,0,0,0,0,200,0,0
bm25_1_dense_13_rrf_60_candidates_50_top_10,1.0,13.0,60,50,10,200,200,0,0.75,0.9575,0.985,0.9925,1.0,1.0,0.8776666666666667,10,-0.010000000000000009,-0.0024999999999999467,-0.0025000000000000577,-0.0050000000000000044,0.0,0.0,-0.007000000000000006,1,3,196,159,157,2,0,1,0,0,0,1,False,0,2,198,0,2,1,1,198,1,1,0,1,199,0,1,0,1,199,0,1,0,0,200,0,0,0,0,200,0,0
bm25_1_dense_13_rrf_60_candidates_100_top_10,1.0,13.0,60,100,10,200,200,0,0.75,0.9575,0.985,0.9925,1.0,1.0,0.8776666666666667,10,-0.010000000000000009,-0.0024999999999999467,-0.0025000000000000577,-0.0050000000000000044,0.0,0.0,-0.007000000000000006,1,3,196,159,157,2,0,1,0,0,0,1,False,0,2,198,0,2,1,1,198,1,1,0,1,199,0,1,0,1,199,0,1,0,0,200,0,0,0,0,200,0,0
bm25_1_dense_13_rrf_100_candidates_10_top_10,1.0,13.0,100,10,10,200,200,0,0.755,0.9575,0.99,0.9975,1.0,1.0,0.8809166666666667,10,-0.0050000000000000044,-0.0024999999999999467,0.0024999999999999467,0.0,0.0,0.0,-0.003750000000000031,2,2,196,159,157,2,0,1,0,0,0,0,False,1,2,197,1,2,1,1,198,2,2,2,1,197,2,1,0,0,200,0,0,0,0,200,0,0,0,0,200,0,0
bm25_1_dense_13_rrf_100_candidates_20_top_10,1.0,13.0,100,20,10,200,200,0,0.75,0.955,0.985,0.995,1.0,1.0,0.8776666666666667,10,-0.010000000000000009,-0.0050000000000000044,-0.0025000000000000577,-0.0025000000000000577,0.0,0.0,-0.007000000000000006,1,3,196,159,157,2,0,1,0,0,0,1,False,0,2,198,0,2,0,1,199,1,2,0,1,199,0,1,1,1,198,1,1,0,0,200,0,0,0,0,200,0,0
bm25_1_dense_13_rrf_100_candidates_50_top_10,1.0,13.0,100,50,10,200,200,0,0.75,0.9575,0.985,0.995,1.0,1.0,0.8776666666666667,10,-0.010000000000000009,-0.0024999999999999467,-0.0025000000000000577,-0.0025000000000000577,0.0,0.0,-0.007000000000000006,1,3,196,159,157,2,0,1,0,0,0,1,False,0,2,198,0,2,1,1,198,1,1,0,1,199,0,1,1,1,198,1,1,0,0,200,0,0,0,0,200,0,0
bm25_1_dense_13_rrf_100_candidates_100_top_10,1.0,13.0,100,100,10,200,200,0,0.75,0.9575,0.985,0.995,1.0,1.0,0.8776666666666667,10,-0.010000000000000009,-0.0024999999999999467,-0.0025000000000000577,-0.0025000000000000577,0.0,0.0,-0.007000000000000006,1,3,196,159,157,2,0,1,0,0,0,1,False,0,2,198,0,2,1,1,198,1,1,0,1,199,0,1,1,1,198,1,1,0,0,200,0,0,0,0,200,0,0
bm25_1_dense_21_rrf_1_candidates_10_top_10,1.0,21.0,1,10,10,200,200,0,0.76,0.96,0.9875,0.9975,1.0,1.0,0.8846666666666667,10,0.0,0.0,0.0,0.0,0.0,0.0,0.0,0,0,200,159,159,0,0,0,0,0,0,0,False,0,0,200,0,0,0,0,200,0,0,0,0,200,0,0,0,0,200,0,0,0,0,200,0,0,0,0,200,0,0
bm25_1_dense_21_rrf_1_candidates_20_top_10,1.0,21.0,1,20,10,200,200,0,0.76,0.96,0.9875,0.9975,1.0,1.0,0.8846666666666667,10,0.0,0.0,0.0,0.0,0.0,0.0,0.0,0,0,200,159,159,0,0,0,0,0,0,0,False,0,0,200,0,0,0,0,200,0,0,0,0,200,0,0,0,0,200,0,0,0,0,200,0,0,0,0,200,0,0
bm25_1_dense_21_rrf_1_candidates_50_top_10,1.0,21.0,1,50,10,200,200,0,0.76,0.96,0.9875,0.9975,1.0,1.0,0.8846666666666667,10,0.0,0.0,0.0,0.0,0.0,0.0,0.0,0,0,200,159,159,0,0,0,0,0,0,0,False,0,0,200,0,0,0,0,200,0,0,0,0,200,0,0,0,0,200,0,0,0,0,200,0,0,0,0,200,0,0
bm25_1_dense_21_rrf_1_candidates_100_top_10,1.0,21.0,1,100,10,200,200,0,0.76,0.96,0.9875,0.9975,1.0,1.0,0.8846666666666667,10,0.0,0.0,0.0,0.0,0.0,0.0,0.0,0,0,200,159,159,0,0,0,0,0,0,0,False,0,0,200,0,0,0,0,200,0,0,0,0,200,0,0,0,0,200,0,0,0,0,200,0,0,0,0,200,0,0
bm25_1_dense_21_rrf_5_candidates_10_top_10,1.0,21.0,5,10,10,200,200,0,0.76,0.96,0.9875,0.9975,1.0,1.0,0.8846666666666667,10,0.0,0.0,0.0,0.0,0.0,0.0,0.0,0,0,200,159,159,0,0,0,0,0,0,0,False,0,0,200,0,0,0,0,200,0,0,0,0,200,0,0,0,0,200,0,0,0,0,200,0,0,0,0,200,0,0
bm25_1_dense_21_rrf_5_candidates_20_top_10,1.0,21.0,5,20,10,200,200,0,0.76,0.96,0.9875,0.9975,1.0,1.0,0.8846666666666667,10,0.0,0.0,0.0,0.0,0.0,0.0,0.0,0,0,200,159,159,0,0,0,0,0,0,0,False,0,0,200,0,0,0,0,200,0,0,0,0,200,0,0,0,0,200,0,0,0,0,200,0,0,0,0,200,0,0
bm25_1_dense_21_rrf_5_candidates_50_top_10,1.0,21.0,5,50,10,200,200,0,0.76,0.96,0.9875,0.9975,1.0,1.0,0.8846666666666667,10,0.0,0.0,0.0,0.0,0.0,0.0,0.0,0,0,200,159,159,0,0,0,0,0,0,0,False,0,0,200,0,0,0,0,200,0,0,0,0,200,0,0,0,0,200,0,0,0,0,200,0,0,0,0,200,0,0
bm25_1_dense_21_rrf_5_candidates_100_top_10,1.0,21.0,5,100,10,200,200,0,0.76,0.96,0.9875,0.9975,1.0,1.0,0.8846666666666667,10,0.0,0.0,0.0,0.0,0.0,0.0,0.0,0,0,200,159,159,0,0,0,0,0,0,0,False,0,0,200,0,0,0,0,200,0,0,0,0,200,0,0,0,0,200,0,0,0,0,200,0,0,0,0,200,0,0
bm25_1_dense_21_rrf_10_candidates_10_top_10,1.0,21.0,10,10,10,200,200,0,0.76,0.96,0.9875,0.9975,1.0,1.0,0.8846666666666667,10,0.0,0.0,0.0,0.0,0.0,0.0,0.0,0,0,200,159,159,0,0,0,0,0,0,0,False,0,0,200,0,0,0,0,200,0,0,0,0,200,0,0,0,0,200,0,0,0,0,200,0,0,0,0,200,0,0
bm25_1_dense_21_rrf_10_candidates_20_top_10,1.0,21.0,10,20,10,200,200,0,0.76,0.96,0.9875,0.9925,1.0,1.0,0.8841666666666668,10,0.0,0.0,0.0,-0.0050000000000000044,0.0,0.0,-0.0004999999999999449,0,1,199,159,159,0,0,0,0,0,0,1,False,0,0,200,0,0,0,0,200,0,0,0,0,200,0,0,0,1,199,0,1,0,0,200,0,0,0,0,200,0,0
bm25_1_dense_21_rrf_10_candidates_50_top_10,1.0,21.0,10,50,10,200,200,0,0.76,0.96,0.9875,0.9925,1.0,1.0,0.8841666666666668,10,0.0,0.0,0.0,-0.0050000000000000044,0.0,0.0,-0.0004999999999999449,0,1,199,159,159,0,0,0,0,0,0,1,False,0,0,200,0,0,0,0,200,0,0,0,0,200,0,0,0,1,199,0,1,0,0,200,0,0,0,0,200,0,0
bm25_1_dense_21_rrf_10_candidates_100_top_10,1.0,21.0,10,100,10,200,200,0,0.76,0.96,0.9875,0.9925,1.0,1.0,0.8841666666666668,10,0.0,0.0,0.0,-0.0050000000000000044,0.0,0.0,-0.0004999999999999449,0,1,199,159,159,0,0,0,0,0,0,1,False,0,0,200,0,0,0,0,200,0,0,0,0,200,0,0,0,1,199,0,1,0,0,200,0,0,0,0,200,0,0
bm25_1_dense_21_rrf_20_candidates_10_top_10,1.0,21.0,20,10,10,200,200,0,0.75,0.9625,0.9875,0.9975,1.0,1.0,0.8796666666666667,10,-0.010000000000000009,0.0025000000000000577,0.0,0.0,0.0,0.0,-0.0050000000000000044,0,2,198,159,157,2,0,0,0,0,0,0,False,0,2,198,0,2,1,0,199,1,0,0,0,200,0,0,0,0,200,0,0,0,0,200,0,0,0,0,200,0,0
bm25_1_dense_21_rrf_20_candidates_20_top_10,1.0,21.0,20,20,10,200,200,0,0.75,0.96,0.9875,0.9925,1.0,1.0,0.8791666666666668,10,-0.010000000000000009,0.0,0.0,-0.0050000000000000044,0.0,0.0,-0.005499999999999949,0,3,197,159,157,2,0,0,0,0,0,1,False,0,2,198,0,2,0,0,200,0,0,0,0,200,0,0,0,1,199,0,1,0,0,200,0,0,0,0,200,0,0
bm25_1_dense_21_rrf_20_candidates_50_top_10,1.0,21.0,20,50,10,200,200,0,0.75,0.96,0.9875,0.9925,1.0,1.0,0.8791666666666668,10,-0.010000000000000009,0.0,0.0,-0.0050000000000000044,0.0,0.0,-0.005499999999999949,0,3,197,159,157,2,0,0,0,0,0,1,False,0,2,198,0,2,0,0,200,0,0,0,0,200,0,0,0,1,199,0,1,0,0,200,0,0,0,0,200,0,0
bm25_1_dense_21_rrf_20_candidates_100_top_10,1.0,21.0,20,100,10,200,200,0,0.75,0.96,0.9875,0.9925,1.0,1.0,0.8791666666666668,10,-0.010000000000000009,0.0,0.0,-0.0050000000000000044,0.0,0.0,-0.005499999999999949,0,3,197,159,157,2,0,0,0,0,0,1,False,0,2,198,0,2,0,0,200,0,0,0,0,200,0,0,0,1,199,0,1,0,0,200,0,0,0,0,200,0,0
bm25_1_dense_21_rrf_40_candidates_10_top_10,1.0,21.0,40,10,10,200,200,0,0.755,0.9625,0.9875,0.9975,1.0,1.0,0.8821666666666667,10,-0.0050000000000000044,0.0025000000000000577,0.0,0.0,0.0,0.0,-0.0025000000000000577,1,2,197,159,157,2,0,0,0,0,0,0,False,1,2,197,1,2,1,0,199,2,1,0,0,200,0,0,0,0,200,0,0,0,0,200,0,0,0,0,200,0,0
bm25_1_dense_21_rrf_40_candidates_20_top_10,1.0,21.0,40,20,10,200,200,0,0.75,0.96,0.9875,0.9925,1.0,1.0,0.8791666666666668,10,-0.010000000000000009,0.0,0.0,-0.0050000000000000044,0.0,0.0,-0.005499999999999949,0,3,197,159,157,2,0,0,0,0,0,1,False,0,2,198,0,2,0,0,200,1,1,0,0,200,0,0,0,1,199,0,1,0,0,200,0,0,0,0,200,0,0
bm25_1_dense_21_rrf_40_candidates_50_top_10,1.0,21.0,40,50,10,200,200,0,0.75,0.96,0.9875,0.9925,1.0,1.0,0.8791666666666668,10,-0.010000000000000009,0.0,0.0,-0.0050000000000000044,0.0,0.0,-0.005499999999999949,0,3,197,159,157,2,0,0,0,0,0,1,False,0,2,198,0,2,0,0,200,0,0,0,0,200,0,0,0,1,199,0,1,0,0,200,0,0,0,0,200,0,0
bm25_1_dense_21_rrf_40_candidates_100_top_10,1.0,21.0,40,100,10,200,200,0,0.75,0.96,0.9875,0.9925,1.0,1.0,0.8791666666666668,10,-0.010000000000000009,0.0,0.0,-0.0050000000000000044,0.0,0.0,-0.005499999999999949,0,3,197,159,157,2,0,0,0,0,0,1,False,0,2,198,0,2,0,0,200,0,0,0,0,200,0,0,0,1,199,0,1,0,0,200,0,0,0,0,200,0,0
bm25_1_dense_21_rrf_60_candidates_10_top_10,1.0,21.0,60,10,10,200,200,0,0.755,0.9625,0.99,0.9975,1.0,1.0,0.8813333333333334,10,-0.0050000000000000044,0.0025000000000000577,0.0024999999999999467,0.0,0.0,0.0,-0.0033333333333332993,1,2,197,159,157,2,0,0,0,0,0,0,True,1,2,197,1,2,1,0,199,2,1,1,0,199,1,0,0,0,200,0,0,0,0,200,0,0,0,0,200,0,0
bm25_1_dense_21_rrf_60_candidates_20_top_10,1.0,21.0,60,20,10,200,200,0,0.75,0.96,0.9875,0.9925,1.0,1.0,0.8783333333333333,10,-0.010000000000000009,0.0,0.0,-0.0050000000000000044,0.0,0.0,-0.006333333333333413,0,3,197,159,157,2,0,0,0,0,0,1,False,0,2,198,0,2,0,0,200,1,1,0,0,200,0,0,0,1,199,0,1,0,0,200,0,0,0,0,200,0,0
bm25_1_dense_21_rrf_60_candidates_50_top_10,1.0,21.0,60,50,10,200,200,0,0.75,0.96,0.9875,0.9925,1.0,1.0,0.8791666666666668,10,-0.010000000000000009,0.0,0.0,-0.0050000000000000044,0.0,0.0,-0.005499999999999949,1,3,196,159,157,2,0,0,0,0,0,1,False,0,2,198,0,2,0,0,200,0,0,0,0,200,0,0,0,1,199,0,1,0,0,200,0,0,0,0,200,0,0
bm25_1_dense_21_rrf_60_candidates_100_top_10,1.0,21.0,60,100,10,200,200,0,0.75,0.96,0.985,0.9925,1.0,1.0,0.8791666666666668,10,-0.010000000000000009,0.0,-0.0025000000000000577,-0.0050000000000000044,0.0,0.0,-0.005499999999999949,1,3,196,159,157,2,0,0,0,0,0,1,False,0,2,198,0,2,0,0,200,0,0,0,1,199,0,1,0,1,199,0,1,0,0,200,0,0,0,0,200,0,0
bm25_1_dense_21_rrf_100_candidates_10_top_10,1.0,21.0,100,10,10,200,200,0,0.755,0.9575,0.99,0.9975,1.0,1.0,0.8809166666666667,10,-0.0050000000000000044,-0.0024999999999999467,0.0024999999999999467,0.0,0.0,0.0,-0.003750000000000031,2,2,196,159,157,2,0,1,0,0,0,0,False,1,2,197,1,2,1,1,198,2,2,1,0,199,1,0,0,0,200,0,0,0,0,200,0,0,0,0,200,0,0
bm25_1_dense_21_rrf_100_candidates_20_top_10,1.0,21.0,100,20,10,200,200,0,0.75,0.955,0.9875,0.9925,1.0,1.0,0.8776666666666667,10,-0.010000000000000009,-0.0050000000000000044,0.0,-0.0050000000000000044,0.0,0.0,-0.007000000000000006,1,3,196,159,157,2,0,1,0,0,0,1,False,0,2,198,0,2,0,1,199,1,2,0,0,200,0,0,0,1,199,0,1,0,0,200,0,0,0,0,200,0,0
bm25_1_dense_21_rrf_100_candidates_50_top_10,1.0,21.0,100,50,10,200,200,0,0.75,0.9575,0.985,0.9925,1.0,1.0,0.8776666666666667,10,-0.010000000000000009,-0.0024999999999999467,-0.0025000000000000577,-0.0050000000000000044,0.0,0.0,-0.007000000000000006,1,3,196,159,157,2,0,1,0,0,0,1,False,0,2,198,0,2,1,1,198,1,1,0,1,199,0,1,0,1,199,0,1,0,0,200,0,0,0,0,200,0,0
bm25_1_dense_21_rrf_100_candidates_100_top_10,1.0,21.0,100,100,10,200,200,0,0.75,0.9575,0.985,0.9925,1.0,1.0,0.8776666666666667,10,-0.010000000000000009,-0.0024999999999999467,-0.0025000000000000577,-0.0050000000000000044,0.0,0.0,-0.007000000000000006,1,3,196,159,157,2,0,1,0,0,0,1,False,0,2,198,0,2,1,1,198,1,1,0,1,199,0,1,0,1,199,0,1,0,0,200,0,0,0,0,200,0,0
bm25_1_dense_34_rrf_1_candidates_10_top_10,1.0,34.0,1,10,10,200,200,0,0.76,0.96,0.9875,0.9975,1.0,1.0,0.8846666666666667,10,0.0,0.0,0.0,0.0,0.0,0.0,0.0,0,0,200,159,159,0,0,0,0,0,0,0,False,0,0,200,0,0,0,0,200,0,0,0,0,200,0,0,0,0,200,0,0,0,0,200,0,0,0,0,200,0,0
bm25_1_dense_34_rrf_1_candidates_20_top_10,1.0,34.0,1,20,10,200,200,0,0.76,0.96,0.9875,0.9975,1.0,1.0,0.8846666666666667,10,0.0,0.0,0.0,0.0,0.0,0.0,0.0,0,0,200,159,159,0,0,0,0,0,0,0,False,0,0,200,0,0,0,0,200,0,0,0,0,200,0,0,0,0,200,0,0,0,0,200,0,0,0,0,200,0,0
bm25_1_dense_34_rrf_1_candidates_50_top_10,1.0,34.0,1,50,10,200,200,0,0.76,0.96,0.9875,0.9975,1.0,1.0,0.8846666666666667,10,0.0,0.0,0.0,0.0,0.0,0.0,0.0,0,0,200,159,159,0,0,0,0,0,0,0,False,0,0,200,0,0,0,0,200,0,0,0,0,200,0,0,0,0,200,0,0,0,0,200,0,0,0,0,200,0,0
bm25_1_dense_34_rrf_1_candidates_100_top_10,1.0,34.0,1,100,10,200,200,0,0.76,0.96,0.9875,0.9975,1.0,1.0,0.8846666666666667,10,0.0,0.0,0.0,0.0,0.0,0.0,0.0,0,0,200,159,159,0,0,0,0,0,0,0,False,0,0,200,0,0,0,0,200,0,0,0,0,200,0,0,0,0,200,0,0,0,0,200,0,0,0,0,200,0,0
bm25_1_dense_34_rrf_5_candidates_10_top_10,1.0,34.0,5,10,10,200,200,0,0.76,0.96,0.9875,0.9975,1.0,1.0,0.8846666666666667,10,0.0,0.0,0.0,0.0,0.0,0.0,0.0,0,0,200,159,159,0,0,0,0,0,0,0,False,0,0,200,0,0,0,0,200,0,0,0,0,200,0,0,0,0,200,0,0,0,0,200,0,0,0,0,200,0,0
bm25_1_dense_34_rrf_5_candidates_20_top_10,1.0,34.0,5,20,10,200,200,0,0.76,0.96,0.9875,0.9975,1.0,1.0,0.8846666666666667,10,0.0,0.0,0.0,0.0,0.0,0.0,0.0,0,0,200,159,159,0,0,0,0,0,0,0,False,0,0,200,0,0,0,0,200,0,0,0,0,200,0,0,0,0,200,0,0,0,0,200,0,0,0,0,200,0,0
bm25_1_dense_34_rrf_5_candidates_50_top_10,1.0,34.0,5,50,10,200,200,0,0.76,0.96,0.9875,0.9975,1.0,1.0,0.8846666666666667,10,0.0,0.0,0.0,0.0,0.0,0.0,0.0,0,0,200,159,159,0,0,0,0,0,0,0,False,0,0,200,0,0,0,0,200,0,0,0,0,200,0,0,0,0,200,0,0,0,0,200,0,0,0,0,200,0,0
bm25_1_dense_34_rrf_5_candidates_100_top_10,1.0,34.0,5,100,10,200,200,0,0.76,0.96,0.9875,0.9975,1.0,1.0,0.8846666666666667,10,0.0,0.0,0.0,0.0,0.0,0.0,0.0,0,0,200,159,159,0,0,0,0,0,0,0,False,0,0,200,0,0,0,0,200,0,0,0,0,200,0,0,0,0,200,0,0,0,0,200,0,0,0,0,200,0,0
bm25_1_dense_34_rrf_10_candidates_10_top_10,1.0,34.0,10,10,10,200,200,0,0.76,0.96,0.9875,0.9975,1.0,1.0,0.8846666666666667,10,0.0,0.0,0.0,0.0,0.0,0.0,0.0,0,0,200,159,159,0,0,0,0,0,0,0,False,0,0,200,0,0,0,0,200,0,0,0,0,200,0,0,0,0,200,0,0,0,0,200,0,0,0,0,200,0,0
bm25_1_dense_34_rrf_10_candidates_20_top_10,1.0,34.0,10,20,10,200,200,0,0.76,0.96,0.9875,0.9975,1.0,1.0,0.8846666666666667,10,0.0,0.0,0.0,0.0,0.0,0.0,0.0,0,0,200,159,159,0,0,0,0,0,0,0,False,0,0,200,0,0,0,0,200,0,0,0,0,200,0,0,0,0,200,0,0,0,0,200,0,0,0,0,200,0,0
bm25_1_dense_34_rrf_10_candidates_50_top_10,1.0,34.0,10,50,10,200,200,0,0.76,0.96,0.9875,0.9975,1.0,1.0,0.8846666666666667,10,0.0,0.0,0.0,0.0,0.0,0.0,0.0,0,0,200,159,159,0,0,0,0,0,0,0,False,0,0,200,0,0,0,0,200,0,0,0,0,200,0,0,0,0,200,0,0,0,0,200,0,0,0,0,200,0,0
bm25_1_dense_34_rrf_10_candidates_100_top_10,1.0,34.0,10,100,10,200,200,0,0.76,0.96,0.9875,0.9975,1.0,1.0,0.8846666666666667,10,0.0,0.0,0.0,0.0,0.0,0.0,0.0,0,0,200,159,159,0,0,0,0,0,0,0,False,0,0,200,0,0,0,0,200,0,0,0,0,200,0,0,0,0,200,0,0,0,0,200,0,0,0,0,200,0,0
bm25_1_dense_34_rrf_20_candidates_10_top_10,1.0,34.0,20,10,10,200,200,0,0.76,0.96,0.9875,0.9975,1.0,1.0,0.8846666666666667,10,0.0,0.0,0.0,0.0,0.0,0.0,0.0,0,0,200,159,159,0,0,0,0,0,0,0,False,0,0,200,0,0,0,0,200,0,0,0,0,200,0,0,0,0,200,0,0,0,0,200,0,0,0,0,200,0,0
bm25_1_dense_34_rrf_20_candidates_20_top_10,1.0,34.0,20,20,10,200,200,0,0.76,0.96,0.9875,0.9975,1.0,1.0,0.8846666666666667,10,0.0,0.0,0.0,0.0,0.0,0.0,0.0,0,0,200,159,159,0,0,0,0,0,0,0,False,0,0,200,0,0,0,0,200,0,0,0,0,200,0,0,0,0,200,0,0,0,0,200,0,0,0,0,200,0,0
bm25_1_dense_34_rrf_20_candidates_50_top_10,1.0,34.0,20,50,10,200,200,0,0.76,0.96,0.9875,0.9975,1.0,1.0,0.8846666666666667,10,0.0,0.0,0.0,0.0,0.0,0.0,0.0,0,0,200,159,159,0,0,0,0,0,0,0,False,0,0,200,0,0,0,0,200,0,0,0,0,200,0,0,0,0,200,0,0,0,0,200,0,0,0,0,200,0,0
bm25_1_dense_34_rrf_20_candidates_100_top_10,1.0,34.0,20,100,10,200,200,0,0.76,0.96,0.9875,0.9975,1.0,1.0,0.8846666666666667,10,0.0,0.0,0.0,0.0,0.0,0.0,0.0,0,0,200,159,159,0,0,0,0,0,0,0,False,0,0,200,0,0,0,0,200,0,0,0,0,200,0,0,0,0,200,0,0,0,0,200,0,0,0,0,200,0,0
bm25_1_dense_34_rrf_40_candidates_10_top_10,1.0,34.0,40,10,10,200,200,0,0.755,0.9625,0.9875,0.9975,1.0,1.0,0.8821666666666667,10,-0.0050000000000000044,0.0025000000000000577,0.0,0.0,0.0,0.0,-0.0025000000000000577,1,2,197,159,157,2,0,0,0,0,0,0,False,1,2,197,1,2,1,0,199,1,0,0,0,200,0,0,0,0,200,0,0,0,0,200,0,0,0,0,200,0,0
bm25_1_dense_34_rrf_40_candidates_20_top_10,1.0,34.0,40,20,10,200,200,0,0.75,0.96,0.9875,0.9925,1.0,1.0,0.8791666666666668,10,-0.010000000000000009,0.0,0.0,-0.0050000000000000044,0.0,0.0,-0.005499999999999949,0,3,197,159,157,2,0,0,0,0,0,1,False,0,2,198,0,2,0,0,200,0,0,0,0,200,0,0,0,1,199,0,1,0,0,200,0,0,0,0,200,0,0
bm25_1_dense_34_rrf_40_candidates_50_top_10,1.0,34.0,40,50,10,200,200,0,0.75,0.96,0.9875,0.9925,1.0,1.0,0.8791666666666668,10,-0.010000000000000009,0.0,0.0,-0.0050000000000000044,0.0,0.0,-0.005499999999999949,0,3,197,159,157,2,0,0,0,0,0,1,False,0,2,198,0,2,0,0,200,0,0,0,0,200,0,0,0,1,199,0,1,0,0,200,0,0,0,0,200,0,0
bm25_1_dense_34_rrf_40_candidates_100_top_10,1.0,34.0,40,100,10,200,200,0,0.75,0.96,0.9875,0.9925,1.0,1.0,0.8791666666666668,10,-0.010000000000000009,0.0,0.0,-0.0050000000000000044,0.0,0.0,-0.005499999999999949,0,3,197,159,157,2,0,0,0,0,0,1,False,0,2,198,0,2,0,0,200,0,0,0,0,200,0,0,0,1,199,0,1,0,0,200,0,0,0,0,200,0,0
bm25_1_dense_34_rrf_60_candidates_10_top_10,1.0,34.0,60,10,10,200,200,0,0.755,0.9625,0.9875,0.9975,1.0,1.0,0.8821666666666667,10,-0.0050000000000000044,0.0025000000000000577,0.0,0.0,0.0,0.0,-0.0025000000000000577,1,2,197,159,157,2,0,0,0,0,0,0,False,1,2,197,1,2,1,0,199,1,0,0,0,200,0,0,0,0,200,0,0,0,0,200,0,0,0,0,200,0,0
bm25_1_dense_34_rrf_60_candidates_20_top_10,1.0,34.0,60,20,10,200,200,0,0.75,0.96,0.9875,0.9925,1.0,1.0,0.8791666666666668,10,-0.010000000000000009,0.0,0.0,-0.0050000000000000044,0.0,0.0,-0.005499999999999949,0,3,197,159,157,2,0,0,0,0,0,1,False,0,2,198,0,2,0,0,200,0,0,0,0,200,0,0,0,1,199,0,1,0,0,200,0,0,0,0,200,0,0
bm25_1_dense_34_rrf_60_candidates_50_top_10,1.0,34.0,60,50,10,200,200,0,0.75,0.96,0.9875,0.9925,1.0,1.0,0.8791666666666668,10,-0.010000000000000009,0.0,0.0,-0.0050000000000000044,0.0,0.0,-0.005499999999999949,0,3,197,159,157,2,0,0,0,0,0,1,False,0,2,198,0,2,0,0,200,0,0,0,0,200,0,0,0,1,199,0,1,0,0,200,0,0,0,0,200,0,0
bm25_1_dense_34_rrf_60_candidates_100_top_10,1.0,34.0,60,100,10,200,200,0,0.75,0.96,0.9875,0.9925,1.0,1.0,0.8791666666666668,10,-0.010000000000000009,0.0,0.0,-0.0050000000000000044,0.0,0.0,-0.005499999999999949,0,3,197,159,157,2,0,0,0,0,0,1,False,0,2,198,0,2,0,0,200,0,0,0,0,200,0,0,0,1,199,0,1,0,0,200,0,0,0,0,200,0,0
bm25_1_dense_34_rrf_100_candidates_10_top_10,1.0,34.0,100,10,10,200,200,0,0.755,0.9625,0.99,0.9975,1.0,1.0,0.8805,10,-0.0050000000000000044,0.0025000000000000577,0.0024999999999999467,0.0,0.0,0.0,-0.004166666666666763,1,2,197,159,157,2,0,0,0,0,0,0,False,1,2,197,1,2,1,0,199,2,1,1,0,199,1,0,0,0,200,0,0,0,0,200,0,0,0,0,200,0,0
bm25_1_dense_34_rrf_100_candidates_20_top_10,1.0,34.0,100,20,10,200,200,0,0.75,0.96,0.9875,0.9925,1.0,1.0,0.8775,10,-0.010000000000000009,0.0,0.0,-0.0050000000000000044,0.0,0.0,-0.0071666666666667656,0,3,197,159,157,2,0,0,0,0,0,1,False,0,2,198,0,2,0,0,200,1,1,0,0,200,0,0,0,1,199,0,1,0,0,200,0,0,0,0,200,0,0
bm25_1_dense_34_rrf_100_candidates_50_top_10,1.0,34.0,100,50,10,200,200,0,0.75,0.96,0.9875,0.9925,1.0,1.0,0.8783333333333333,10,-0.010000000000000009,0.0,0.0,-0.0050000000000000044,0.0,0.0,-0.006333333333333413,1,3,196,159,157,2,0,0,0,0,0,1,False,0,2,198,0,2,0,0,200,0,0,0,0,200,0,0,0,1,199,0,1,0,0,200,0,0,0,0,200,0,0
bm25_1_dense_34_rrf_100_candidates_100_top_10,1.0,34.0,100,100,10,200,200,0,0.75,0.96,0.985,0.9925,1.0,1.0,0.8783333333333333,10,-0.010000000000000009,0.0,-0.0025000000000000577,-0.0050000000000000044,0.0,0.0,-0.006333333333333413,1,3,196,159,157,2,0,0,0,0,0,1,False,0,2,198,0,2,0,0,200,0,0,0,1,199,0,1,0,1,199,0,1,0,0,200,0,0,0,0,200,0,0
bm25_1_dense_55_rrf_1_candidates_10_top_10,1.0,55.0,1,10,10,200,200,0,0.76,0.96,0.9875,0.9975,1.0,1.0,0.8846666666666667,10,0.0,0.0,0.0,0.0,0.0,0.0,0.0,0,0,200,159,159,0,0,0,0,0,0,0,False,0,0,200,0,0,0,0,200,0,0,0,0,200,0,0,0,0,200,0,0,0,0,200,0,0,0,0,200,0,0
bm25_1_dense_55_rrf_1_candidates_20_top_10,1.0,55.0,1,20,10,200,200,0,0.76,0.96,0.9875,0.9975,1.0,1.0,0.8846666666666667,10,0.0,0.0,0.0,0.0,0.0,0.0,0.0,0,0,200,159,159,0,0,0,0,0,0,0,False,0,0,200,0,0,0,0,200,0,0,0,0,200,0,0,0,0,200,0,0,0,0,200,0,0,0,0,200,0,0
bm25_1_dense_55_rrf_1_candidates_50_top_10,1.0,55.0,1,50,10,200,200,0,0.76,0.96,0.9875,0.9975,1.0,1.0,0.8846666666666667,10,0.0,0.0,0.0,0.0,0.0,0.0,0.0,0,0,200,159,159,0,0,0,0,0,0,0,False,0,0,200,0,0,0,0,200,0,0,0,0,200,0,0,0,0,200,0,0,0,0,200,0,0,0,0,200,0,0
bm25_1_dense_55_rrf_1_candidates_100_top_10,1.0,55.0,1,100,10,200,200,0,0.76,0.96,0.9875,0.9975,1.0,1.0,0.8846666666666667,10,0.0,0.0,0.0,0.0,0.0,0.0,0.0,0,0,200,159,159,0,0,0,0,0,0,0,False,0,0,200,0,0,0,0,200,0,0,0,0,200,0,0,0,0,200,0,0,0,0,200,0,0,0,0,200,0,0
bm25_1_dense_55_rrf_5_candidates_10_top_10,1.0,55.0,5,10,10,200,200,0,0.76,0.96,0.9875,0.9975,1.0,1.0,0.8846666666666667,10,0.0,0.0,0.0,0.0,0.0,0.0,0.0,0,0,200,159,159,0,0,0,0,0,0,0,False,0,0,200,0,0,0,0,200,0,0,0,0,200,0,0,0,0,200,0,0,0,0,200,0,0,0,0,200,0,0
bm25_1_dense_55_rrf_5_candidates_20_top_10,1.0,55.0,5,20,10,200,200,0,0.76,0.96,0.9875,0.9975,1.0,1.0,0.8846666666666667,10,0.0,0.0,0.0,0.0,0.0,0.0,0.0,0,0,200,159,159,0,0,0,0,0,0,0,False,0,0,200,0,0,0,0,200,0,0,0,0,200,0,0,0,0,200,0,0,0,0,200,0,0,0,0,200,0,0
bm25_1_dense_55_rrf_5_candidates_50_top_10,1.0,55.0,5,50,10,200,200,0,0.76,0.96,0.9875,0.9975,1.0,1.0,0.8846666666666667,10,0.0,0.0,0.0,0.0,0.0,0.0,0.0,0,0,200,159,159,0,0,0,0,0,0,0,False,0,0,200,0,0,0,0,200,0,0,0,0,200,0,0,0,0,200,0,0,0,0,200,0,0,0,0,200,0,0
bm25_1_dense_55_rrf_5_candidates_100_top_10,1.0,55.0,5,100,10,200,200,0,0.76,0.96,0.9875,0.9975,1.0,1.0,0.8846666666666667,10,0.0,0.0,0.0,0.0,0.0,0.0,0.0,0,0,200,159,159,0,0,0,0,0,0,0,False,0,0,200,0,0,0,0,200,0,0,0,0,200,0,0,0,0,200,0,0,0,0,200,0,0,0,0,200,0,0
bm25_1_dense_55_rrf_10_candidates_10_top_10,1.0,55.0,10,10,10,200,200,0,0.76,0.96,0.9875,0.9975,1.0,1.0,0.8846666666666667,10,0.0,0.0,0.0,0.0,0.0,0.0,0.0,0,0,200,159,159,0,0,0,0,0,0,0,False,0,0,200,0,0,0,0,200,0,0,0,0,200,0,0,0,0,200,0,0,0,0,200,0,0,0,0,200,0,0
bm25_1_dense_55_rrf_10_candidates_20_top_10,1.0,55.0,10,20,10,200,200,0,0.76,0.96,0.9875,0.9975,1.0,1.0,0.8846666666666667,10,0.0,0.0,0.0,0.0,0.0,0.0,0.0,0,0,200,159,159,0,0,0,0,0,0,0,False,0,0,200,0,0,0,0,200,0,0,0,0,200,0,0,0,0,200,0,0,0,0,200,0,0,0,0,200,0,0
bm25_1_dense_55_rrf_10_candidates_50_top_10,1.0,55.0,10,50,10,200,200,0,0.76,0.96,0.9875,0.9975,1.0,1.0,0.8846666666666667,10,0.0,0.0,0.0,0.0,0.0,0.0,0.0,0,0,200,159,159,0,0,0,0,0,0,0,False,0,0,200,0,0,0,0,200,0,0,0,0,200,0,0,0,0,200,0,0,0,0,200,0,0,0,0,200,0,0
bm25_1_dense_55_rrf_10_candidates_100_top_10,1.0,55.0,10,100,10,200,200,0,0.76,0.96,0.9875,0.9975,1.0,1.0,0.8846666666666667,10,0.0,0.0,0.0,0.0,0.0,0.0,0.0,0,0,200,159,159,0,0,0,0,0,0,0,False,0,0,200,0,0,0,0,200,0,0,0,0,200,0,0,0,0,200,0,0,0,0,200,0,0,0,0,200,0,0
bm25_1_dense_55_rrf_20_candidates_10_top_10,1.0,55.0,20,10,10,200,200,0,0.76,0.96,0.9875,0.9975,1.0,1.0,0.8846666666666667,10,0.0,0.0,0.0,0.0,0.0,0.0,0.0,0,0,200,159,159,0,0,0,0,0,0,0,False,0,0,200,0,0,0,0,200,0,0,0,0,200,0,0,0,0,200,0,0,0,0,200,0,0,0,0,200,0,0
bm25_1_dense_55_rrf_20_candidates_20_top_10,1.0,55.0,20,20,10,200,200,0,0.76,0.96,0.9875,0.9975,1.0,1.0,0.8846666666666667,10,0.0,0.0,0.0,0.0,0.0,0.0,0.0,0,0,200,159,159,0,0,0,0,0,0,0,False,0,0,200,0,0,0,0,200,0,0,0,0,200,0,0,0,0,200,0,0,0,0,200,0,0,0,0,200,0,0
bm25_1_dense_55_rrf_20_candidates_50_top_10,1.0,55.0,20,50,10,200,200,0,0.76,0.96,0.9875,0.9975,1.0,1.0,0.8846666666666667,10,0.0,0.0,0.0,0.0,0.0,0.0,0.0,0,0,200,159,159,0,0,0,0,0,0,0,False,0,0,200,0,0,0,0,200,0,0,0,0,200,0,0,0,0,200,0,0,0,0,200,0,0,0,0,200,0,0
bm25_1_dense_55_rrf_20_candidates_100_top_10,1.0,55.0,20,100,10,200,200,0,0.76,0.96,0.9875,0.9975,1.0,1.0,0.8846666666666667,10,0.0,0.0,0.0,0.0,0.0,0.0,0.0,0,0,200,159,159,0,0,0,0,0,0,0,False,0,0,200,0,0,0,0,200,0,0,0,0,200,0,0,0,0,200,0,0,0,0,200,0,0,0,0,200,0,0
bm25_1_dense_55_rrf_40_candidates_10_top_10,1.0,55.0,40,10,10,200,200,0,0.76,0.96,0.9875,0.9975,1.0,1.0,0.8846666666666667,10,0.0,0.0,0.0,0.0,0.0,0.0,0.0,0,0,200,159,159,0,0,0,0,0,0,0,False,0,0,200,0,0,0,0,200,0,0,0,0,200,0,0,0,0,200,0,0,0,0,200,0,0,0,0,200,0,0
bm25_1_dense_55_rrf_40_candidates_20_top_10,1.0,55.0,40,20,10,200,200,0,0.76,0.96,0.9875,0.9975,1.0,1.0,0.8846666666666667,10,0.0,0.0,0.0,0.0,0.0,0.0,0.0,0,0,200,159,159,0,0,0,0,0,0,0,False,0,0,200,0,0,0,0,200,0,0,0,0,200,0,0,0,0,200,0,0,0,0,200,0,0,0,0,200,0,0
bm25_1_dense_55_rrf_40_candidates_50_top_10,1.0,55.0,40,50,10,200,200,0,0.76,0.96,0.9875,0.9975,1.0,1.0,0.8846666666666667,10,0.0,0.0,0.0,0.0,0.0,0.0,0.0,0,0,200,159,159,0,0,0,0,0,0,0,False,0,0,200,0,0,0,0,200,0,0,0,0,200,0,0,0,0,200,0,0,0,0,200,0,0,0,0,200,0,0
bm25_1_dense_55_rrf_40_candidates_100_top_10,1.0,55.0,40,100,10,200,200,0,0.76,0.96,0.9875,0.9975,1.0,1.0,0.8846666666666667,10,0.0,0.0,0.0,0.0,0.0,0.0,0.0,0,0,200,159,159,0,0,0,0,0,0,0,False,0,0,200,0,0,0,0,200,0,0,0,0,200,0,0,0,0,200,0,0,0,0,200,0,0,0,0,200,0,0
bm25_1_dense_55_rrf_60_candidates_10_top_10,1.0,55.0,60,10,10,200,200,0,0.755,0.9625,0.9875,0.9975,1.0,1.0,0.8821666666666667,10,-0.0050000000000000044,0.0025000000000000577,0.0,0.0,0.0,0.0,-0.0025000000000000577,1,2,197,159,157,2,0,0,0,0,0,0,False,1,2,197,1,2,1,0,199,1,0,0,0,200,0,0,0,0,200,0,0,0,0,200,0,0,0,0,200,0,0
bm25_1_dense_55_rrf_60_candidates_20_top_10,1.0,55.0,60,20,10,200,200,0,0.75,0.96,0.9875,0.9925,1.0,1.0,0.8791666666666668,10,-0.010000000000000009,0.0,0.0,-0.0050000000000000044,0.0,0.0,-0.005499999999999949,0,3,197,159,157,2,0,0,0,0,0,1,False,0,2,198,0,2,0,0,200,0,0,0,0,200,0,0,0,1,199,0,1,0,0,200,0,0,0,0,200,0,0
bm25_1_dense_55_rrf_60_candidates_50_top_10,1.0,55.0,60,50,10,200,200,0,0.75,0.96,0.9875,0.9925,1.0,1.0,0.8791666666666668,10,-0.010000000000000009,0.0,0.0,-0.0050000000000000044,0.0,0.0,-0.005499999999999949,0,3,197,159,157,2,0,0,0,0,0,1,False,0,2,198,0,2,0,0,200,0,0,0,0,200,0,0,0,1,199,0,1,0,0,200,0,0,0,0,200,0,0
bm25_1_dense_55_rrf_60_candidates_100_top_10,1.0,55.0,60,100,10,200,200,0,0.75,0.96,0.9875,0.9925,1.0,1.0,0.8791666666666668,10,-0.010000000000000009,0.0,0.0,-0.0050000000000000044,0.0,0.0,-0.005499999999999949,0,3,197,159,157,2,0,0,0,0,0,1,False,0,2,198,0,2,0,0,200,0,0,0,0,200,0,0,0,1,199,0,1,0,0,200,0,0,0,0,200,0,0
bm25_1_dense_55_rrf_100_candidates_10_top_10,1.0,55.0,100,10,10,200,200,0,0.755,0.9625,0.9875,0.9975,1.0,1.0,0.8821666666666667,10,-0.0050000000000000044,0.0025000000000000577,0.0,0.0,0.0,0.0,-0.0025000000000000577,1,2,197,159,157,2,0,0,0,0,0,0,False,1,2,197,1,2,1,0,199,1,0,0,0,200,0,0,0,0,200,0,0,0,0,200,0,0,0,0,200,0,0
bm25_1_dense_55_rrf_100_candidates_20_top_10,1.0,55.0,100,20,10,200,200,0,0.75,0.96,0.9875,0.9925,1.0,1.0,0.8791666666666668,10,-0.010000000000000009,0.0,0.0,-0.0050000000000000044,0.0,0.0,-0.005499999999999949,0,3,197,159,157,2,0,0,0,0,0,1,False,0,2,198,0,2,0,0,200,0,0,0,0,200,0,0,0,1,199,0,1,0,0,200,0,0,0,0,200,0,0
bm25_1_dense_55_rrf_100_candidates_50_top_10,1.0,55.0,100,50,10,200,200,0,0.75,0.96,0.9875,0.9925,1.0,1.0,0.8791666666666668,10,-0.010000000000000009,0.0,0.0,-0.0050000000000000044,0.0,0.0,-0.005499999999999949,0,3,197,159,157,2,0,0,0,0,0,1,False,0,2,198,0,2,0,0,200,0,0,0,0,200,0,0,0,1,199,0,1,0,0,200,0,0,0,0,200,0,0
bm25_1_dense_55_rrf_100_candidates_100_top_10,1.0,55.0,100,100,10,200,200,0,0.75,0.96,0.9875,0.9925,1.0,1.0,0.8791666666666668,10,-0.010000000000000009,0.0,0.0,-0.0050000000000000044,0.0,0.0,-0.005499999999999949,0,3,197,159,157,2,0,0,0,0,0,1,False,0,2,198,0,2,0,0,200,0,0,0,0,200,0,0,0,1,199,0,1,0,0,200,0,0,0,0,200,0,0
